id,review,restaurant_id
1,Intuitive responsive budgetary management,94
2,Optional explicit array,39
3,Persistent methodical projection,4
4,Phased well-modulated leverage,52
5,Extended system-worthy flexibility,48
6,Fully-configurable optimizing concept,31
7,Quality-focused solution-oriented hardware,93
8,Front-line reciprocal workforce,56
9,Optimized foreground synergy,5
10,Front-line bottom-line task-force,2
11,Versatile 24/7 paradigm,35
12,Up-sized 24 hour complexity,91
13,Profit-focused web-enabled system engine,6
14,Future-proofed even-keeled monitoring,88
15,Right-sized fresh-thinking system engine,53
16,Devolved hybrid leverage,98
17,Synchronised client-server flexibility,16
18,Devolved didactic hierarchy,77
19,Programmable optimizing core,50
20,Phased client-server data-warehouse,78
21,Reduced 4th generation attitude,93
22,Multi-channelled real-time process improvement,33
23,Face to face zero tolerance success,61
24,Synchronised systemic neural-net,98
25,Organic holistic analyzer,35
26,Pre-emptive 4th generation capability,1
27,Monitored well-modulated standardization,38
28,User-friendly dynamic functionalities,7
29,Business-focused bandwidth-monitored customer loyalty,97
30,User-friendly value-added Graphic Interface,88
31,Centralized local pricing structure,82
32,Expanded clear-thinking conglomeration,18
33,Networked discrete collaboration,62
34,Networked system-worthy task-force,25
35,Mandatory bi-directional process improvement,73
36,Organized 3rd generation solution,71
37,Up-sized zero defect forecast,54
38,Progressive directional intranet,25
39,Phased fault-tolerant collaboration,41
40,Customizable context-sensitive hub,96
41,Future-proofed 6th generation algorithm,45
42,Function-based web-enabled time-frame,54
43,Exclusive global utilisation,43
44,Distributed 24 hour knowledge user,47
45,Re-engineered eco-centric definition,32
46,Progressive web-enabled initiative,11
47,Sharable scalable policy,28
48,Implemented 24/7 neural-net,46
49,Seamless context-sensitive pricing structure,87
50,Organic well-modulated flexibility,60
51,Horizontal local moderator,57
52,Operative exuding archive,54
53,Multi-tiered high-level focus group,73
54,Object-based dedicated concept,96
55,Optimized executive firmware,98
56,Versatile homogeneous help-desk,69
57,Cloned responsive synergy,61
58,Operative asynchronous support,58
59,Compatible systemic collaboration,59
60,De-engineered human-resource time-frame,32
61,Intuitive zero defect projection,42
62,Future-proofed encompassing circuit,37
63,Future-proofed 3rd generation focus group,16
64,Cloned zero tolerance architecture,85
65,Virtual attitude-oriented model,67
66,Persevering mission-critical info-mediaries,75
67,Expanded client-driven infrastructure,44
68,Cloned bottom-line project,7
69,Secured radical implementation,68
70,Future-proofed 24 hour emulation,55
71,Customizable neutral collaboration,61
72,Programmable local matrices,22
73,Profound 6th generation support,84
74,Optional bottom-line functionalities,97
75,Inverse heuristic application,53
76,Extended background standardization,90
77,Persevering hybrid focus group,49
78,Centralized 6th generation moratorium,81
79,Future-proofed attitude-oriented intranet,16
80,Configurable transitional archive,61
81,Configurable asymmetric throughput,45
82,Phased leading edge local area network,13
83,Operative 5th generation algorithm,93
84,Networked full-range encryption,57
85,Centralized optimizing throughput,31
86,Vision-oriented maximized service-desk,24
87,Managed homogeneous adapter,57
88,Re-engineered foreground functionalities,73
89,Realigned neutral forecast,38
90,Open-source secondary framework,73
91,Optional dynamic open architecture,31
92,Proactive transitional open architecture,61
93,Exclusive static forecast,33
94,Optional content-based hardware,98
95,Quality-focused real-time ability,88
96,Versatile regional capability,95
97,Right-sized upward-trending protocol,37
98,Virtual hybrid initiative,66
99,Reverse-engineered responsive capability,52
100,Team-oriented leading edge contingency,2
101,Vision-oriented discrete superstructure,80
102,Front-line leading edge intranet,62
103,Public-key systematic model,28
104,Ergonomic user-facing solution,22
105,Optimized analyzing open architecture,25
106,Diverse regional hub,31
107,User-centric bottom-line concept,94
108,Ergonomic zero tolerance superstructure,60
109,Upgradable 3rd generation Graphical User Interface,5
110,Versatile 3rd generation archive,31
111,Organized analyzing structure,91
112,Realigned coherent matrices,51
113,Down-sized radical functionalities,52
114,Multi-layered disintermediate Graphical User Interface,16
115,Fully-configurable optimizing migration,100
116,Down-sized coherent adapter,27
117,Assimilated disintermediate product,82
118,Enterprise-wide 5th generation intranet,26
119,Synergistic regional emulation,74
120,Vision-oriented even-keeled paradigm,5
121,Function-based demand-driven archive,88
122,Diverse optimal definition,90
123,Devolved 4th generation collaboration,53
124,Inverse zero tolerance emulation,4
125,Streamlined holistic throughput,96
126,Distributed web-enabled open system,10
127,Self-enabling incremental groupware,67
128,Re-engineered fault-tolerant neural-net,29
129,De-engineered asymmetric middleware,93
130,Cross-group actuating budgetary management,99
131,Automated optimizing matrices,87
132,Synergistic incremental flexibility,2
133,Distributed system-worthy support,66
134,Enhanced interactive ability,26
135,Mandatory mobile system engine,60
136,Reverse-engineered zero defect orchestration,62
137,Fully-configurable multi-tasking success,39
138,Inverse web-enabled superstructure,7
139,User-centric uniform internet solution,70
140,Virtual needs-based orchestration,52
141,Inverse heuristic application,7
142,Monitored optimizing firmware,83
143,Ergonomic discrete groupware,61
144,Stand-alone clear-thinking open architecture,39
145,Adaptive clear-thinking conglomeration,33
146,Cloned exuding throughput,31
147,Self-enabling disintermediate analyzer,4
148,Stand-alone fault-tolerant algorithm,39
149,De-engineered system-worthy initiative,57
150,Robust tangible moderator,1
151,Balanced secondary contingency,67
152,Extended non-volatile conglomeration,70
153,Exclusive attitude-oriented collaboration,9
154,Reverse-engineered 3rd generation methodology,78
155,Innovative systemic productivity,16
156,Quality-focused full-range framework,10
157,Pre-emptive disintermediate project,6
158,Reduced attitude-oriented hierarchy,97
159,Optimized even-keeled firmware,51
160,Advanced background open system,16
161,Open-source reciprocal workforce,85
162,Automated zero administration local area network,31
163,Visionary background attitude,1
164,Extended leading edge workforce,65
165,Streamlined multimedia flexibility,16
166,Devolved holistic moderator,39
167,De-engineered logistical process improvement,43
168,Compatible intangible array,61
169,Universal non-volatile capacity,11
170,Right-sized exuding budgetary management,5
171,Synergistic responsive circuit,11
172,User-friendly radical service-desk,74
173,Optimized exuding functionalities,16
174,Synchronised empowering success,57
175,Public-key dynamic paradigm,80
176,Operative needs-based application,61
177,User-centric local ability,47
178,Diverse zero defect access,83
179,Monitored multimedia secured line,44
180,Public-key upward-trending customer loyalty,51
181,Sharable demand-driven archive,30
182,Future-proofed full-range initiative,31
183,Grass-roots uniform firmware,22
184,Cloned asynchronous migration,45
185,Grass-roots asynchronous success,18
186,Distributed reciprocal functionalities,83
187,Multi-lateral background projection,55
188,Re-contextualized modular adapter,14
189,Horizontal non-volatile core,27
190,Programmable neutral monitoring,88
191,Inverse 4th generation throughput,75
192,Triple-buffered multi-state Graphical User Interface,82
193,Multi-lateral uniform infrastructure,99
194,Multi-lateral context-sensitive moderator,52
195,Networked human-resource success,5
196,Business-focused zero defect ability,27
197,Team-oriented client-server matrix,66
198,Cross-platform responsive moratorium,99
199,Cloned homogeneous model,67
200,Organized scalable extranet,9
201,Programmable 3rd generation approach,27
202,Upgradable encompassing definition,46
203,De-engineered multi-state parallelism,14
204,Business-focused context-sensitive encoding,52
205,Right-sized exuding installation,76
206,Seamless explicit methodology,93
207,User-centric client-server hardware,98
208,Profound heuristic moratorium,44
209,Automated 3rd generation success,82
210,Diverse stable architecture,68
211,Reactive contextually-based alliance,2
212,Advanced full-range ability,79
213,Multi-tiered client-driven secured line,40
214,Enhanced systemic portal,57
215,Ergonomic intangible core,85
216,Face to face responsive productivity,21
217,Synergistic intangible moratorium,5
218,User-friendly actuating challenge,65
219,Cloned client-server time-frame,24
220,Business-focused even-keeled moderator,70
221,Stand-alone responsive interface,42
222,Horizontal real-time hub,22
223,Grass-roots reciprocal firmware,13
224,Innovative mobile conglomeration,9
225,Expanded holistic function,70
226,Balanced grid-enabled moderator,83
227,Persistent system-worthy contingency,48
228,Profit-focused executive concept,78
229,Cross-platform user-facing policy,92
230,Secured needs-based hierarchy,64
231,Future-proofed national focus group,60
232,Synergized fresh-thinking leverage,63
233,Future-proofed regional infrastructure,61
234,Sharable hybrid portal,34
235,Synergistic cohesive portal,65
236,Switchable background collaboration,44
237,Self-enabling local solution,72
238,Programmable heuristic support,50
239,Innovative scalable portal,54
240,De-engineered non-volatile methodology,41
241,Horizontal modular database,93
242,Digitized hybrid pricing structure,39
243,Enhanced local infrastructure,44
244,Stand-alone heuristic firmware,40
245,Universal coherent matrix,54
246,Team-oriented content-based encryption,54
247,Mandatory demand-driven customer loyalty,53
248,Quality-focused non-volatile local area network,42
249,Fully-configurable actuating complexity,83
250,Assimilated systematic knowledge base,78
251,Open-architected 24/7 model,65
252,Upgradable 24/7 open system,30
253,Grass-roots leading edge Graphic Interface,21
254,Enterprise-wide explicit projection,68
255,Multi-channelled even-keeled benchmark,18
256,Innovative tangible standardization,44
257,Ameliorated coherent software,86
258,Compatible exuding migration,42
259,Organic static software,69
260,Reverse-engineered interactive policy,89
261,Robust impactful challenge,71
262,Enhanced upward-trending solution,99
263,Programmable human-resource hub,15
264,User-centric explicit time-frame,56
265,Reduced bi-directional groupware,83
266,Persistent multimedia neural-net,57
267,Implemented explicit workforce,81
268,Decentralized fault-tolerant firmware,51
269,Profit-focused 5th generation system engine,98
270,Configurable full-range neural-net,50
271,Phased neutral implementation,87
272,Customizable empowering data-warehouse,55
273,Seamless fault-tolerant conglomeration,100
274,User-centric methodical neural-net,98
275,Persevering national matrix,100
276,User-centric web-enabled system engine,15
277,Total explicit local area network,1
278,Persevering responsive complexity,95
279,Seamless local structure,24
280,Organic attitude-oriented portal,37
281,Mandatory grid-enabled attitude,84
282,Compatible homogeneous project,99
283,Re-contextualized impactful core,52
284,Down-sized empowering product,25
285,User-centric motivating firmware,98
286,Exclusive multi-state migration,69
287,Triple-buffered zero tolerance groupware,67
288,Configurable heuristic access,83
289,Decentralized uniform groupware,27
290,Reactive contextually-based function,88
291,Triple-buffered clear-thinking throughput,50
292,Managed mobile moratorium,60
293,Programmable maximized task-force,21
294,User-friendly zero defect array,45
295,Pre-emptive neutral challenge,23
296,Seamless 24 hour projection,77
297,Configurable secondary archive,67
298,Fully-configurable system-worthy process improvement,84
299,Operative upward-trending throughput,43
300,Intuitive global moratorium,29
301,Exclusive empowering portal,13
302,Secured value-added time-frame,39
303,Intuitive fault-tolerant concept,8
304,Reverse-engineered homogeneous knowledge user,57
305,Automated uniform knowledge user,77
306,Synergized value-added access,95
307,Quality-focused intangible projection,36
308,Persistent grid-enabled conglomeration,59
309,Quality-focused composite encryption,57
310,Persevering contextually-based synergy,85
311,Synergized maximized portal,30
312,Compatible zero defect forecast,100
313,Compatible clear-thinking installation,37
314,Business-focused radical paradigm,57
315,Distributed scalable core,88
316,Organized regional infrastructure,3
317,Persevering secondary contingency,78
318,Decentralized intermediate moratorium,74
319,Integrated reciprocal Graphic Interface,51
320,De-engineered eco-centric infrastructure,77
321,Compatible hybrid policy,57
322,Programmable high-level toolset,29
323,Phased clear-thinking concept,89
324,Versatile intermediate definition,23
325,Fully-configurable user-facing process improvement,2
326,Progressive encompassing budgetary management,35
327,Enterprise-wide neutral Graphic Interface,57
328,Persistent maximized open system,47
329,Streamlined demand-driven migration,91
330,Configurable asynchronous contingency,74
331,Monitored scalable product,40
332,Enhanced contextually-based system engine,93
333,User-centric global success,74
334,Vision-oriented analyzing Graphical User Interface,76
335,Innovative system-worthy throughput,74
336,Persistent demand-driven matrices,99
337,Distributed transitional workforce,48
338,Inverse real-time standardization,36
339,Adaptive stable interface,33
340,Self-enabling static challenge,81
341,Future-proofed interactive pricing structure,90
342,Balanced background pricing structure,28
343,Versatile radical benchmark,95
344,Polarised object-oriented migration,48
345,Multi-channelled uniform help-desk,17
346,Profound demand-driven protocol,20
347,Networked homogeneous success,56
348,Organized tertiary database,55
349,Inverse scalable emulation,100
350,Fundamental grid-enabled framework,55
351,Integrated 24 hour hub,30
352,Optional fresh-thinking core,33
353,Team-oriented neutral groupware,60
354,Reactive optimal intranet,7
355,User-centric content-based secured line,68
356,Adaptive multi-tasking intranet,37
357,Networked bandwidth-monitored ability,29
358,Universal full-range array,25
359,Ergonomic tertiary projection,76
360,Focused holistic pricing structure,79
361,Total well-modulated flexibility,79
362,Robust logistical strategy,64
363,Persistent 6th generation system engine,94
364,Diverse tertiary matrix,32
365,Integrated optimal collaboration,13
366,Digitized multi-tasking internet solution,25
367,Networked fresh-thinking productivity,33
368,Total neutral paradigm,14
369,Sharable high-level time-frame,19
370,Fundamental foreground parallelism,21
371,Networked contextually-based benchmark,58
372,Managed asynchronous local area network,42
373,Adaptive dynamic synergy,85
374,Up-sized 4th generation protocol,36
375,Synchronised exuding help-desk,98
376,Expanded transitional service-desk,8
377,Synergized client-server process improvement,5
378,Visionary tertiary throughput,87
379,Customizable explicit artificial intelligence,84
380,Networked homogeneous functionalities,64
381,Proactive modular support,17
382,Diverse hybrid success,21
383,Quality-focused exuding database,5
384,Persevering eco-centric instruction set,42
385,Self-enabling bottom-line hierarchy,79
386,Object-based non-volatile concept,91
387,Sharable solution-oriented policy,84
388,Seamless bandwidth-monitored leverage,3
389,Centralized scalable hardware,8
390,Optimized systemic capability,11
391,Decentralized responsive open system,73
392,Reduced full-range architecture,99
393,Enhanced secondary emulation,42
394,Visionary composite concept,3
395,Mandatory regional strategy,53
396,Face to face background frame,25
397,Cross-group zero tolerance concept,92
398,Realigned 24 hour emulation,52
399,Focused responsive customer loyalty,11
400,Cross-group fresh-thinking portal,12
401,Diverse intermediate framework,2
402,Re-engineered explicit ability,9
403,Balanced bifurcated challenge,79
404,Public-key object-oriented encoding,84
405,Organic heuristic hub,4
406,Reactive upward-trending neural-net,64
407,Business-focused motivating policy,14
408,Diverse mobile firmware,39
409,Centralized multi-state neural-net,40
410,Object-based asymmetric system engine,20
411,Stand-alone full-range knowledge user,98
412,Customizable clear-thinking instruction set,48
413,Polarised directional alliance,88
414,Integrated empowering forecast,31
415,Robust zero administration website,3
416,Enhanced upward-trending superstructure,61
417,Centralized mission-critical paradigm,63
418,Automated zero tolerance focus group,94
419,Open-source responsive migration,61
420,Exclusive actuating website,18
421,Progressive high-level circuit,85
422,Monitored hybrid service-desk,90
423,Cross-group systematic archive,30
424,Multi-layered bifurcated groupware,29
425,Multi-channelled intangible approach,82
426,Managed motivating implementation,72
427,Implemented tangible methodology,8
428,Persistent bifurcated adapter,25
429,Profound logistical parallelism,25
430,Enterprise-wide 24 hour matrices,21
431,De-engineered system-worthy workforce,79
432,Persistent 3rd generation concept,8
433,Quality-focused bandwidth-monitored knowledge base,48
434,Pre-emptive neutral moderator,38
435,Compatible multi-state matrix,99
436,Re-contextualized value-added paradigm,95
437,Versatile logistical synergy,40
438,Intuitive mission-critical data-warehouse,6
439,Mandatory demand-driven instruction set,94
440,Total tangible groupware,18
441,Multi-channelled systematic middleware,93
442,Customer-focused executive approach,67
443,Optimized explicit synergy,55
444,Universal methodical ability,96
445,Networked modular core,71
446,Operative full-range solution,94
447,Down-sized mission-critical contingency,40
448,Universal user-facing attitude,90
449,Progressive uniform service-desk,64
450,Seamless logistical matrices,74
451,Networked impactful internet solution,39
452,Realigned encompassing alliance,30
453,Organized dynamic challenge,43
454,Realigned contextually-based utilisation,16
455,Function-based bi-directional support,99
456,Innovative logistical info-mediaries,69
457,Re-contextualized leading edge help-desk,10
458,Optimized 24/7 software,90
459,Diverse bottom-line benchmark,84
460,Pre-emptive bottom-line orchestration,25
461,Monitored stable archive,13
462,Devolved asymmetric migration,80
463,Upgradable scalable benchmark,45
464,Seamless explicit encoding,29
465,Face to face responsive challenge,56
466,Stand-alone radical instruction set,87
467,Reduced fault-tolerant moratorium,40
468,User-friendly reciprocal definition,30
469,Streamlined coherent hierarchy,18
470,Business-focused client-server moratorium,92
471,Fully-configurable interactive structure,87
472,Expanded 24/7 strategy,96
473,Total demand-driven groupware,79
474,Networked scalable strategy,58
475,Devolved dedicated leverage,39
476,Configurable executive process improvement,96
477,Digitized impactful array,30
478,Digitized client-driven interface,53
479,Profit-focused mobile open architecture,85
480,Fully-configurable responsive leverage,82
481,Decentralized client-driven pricing structure,71
482,Automated encompassing product,91
483,Inverse hybrid throughput,10
484,Up-sized interactive time-frame,71
485,Optimized explicit extranet,62
486,Mandatory reciprocal data-warehouse,74
487,Multi-lateral bi-directional database,51
488,Vision-oriented logistical circuit,73
489,Fundamental even-keeled intranet,31
490,Managed explicit attitude,69
491,Networked global info-mediaries,46
492,Realigned systemic definition,68
493,Managed zero tolerance protocol,36
494,Object-based optimal firmware,29
495,Right-sized user-facing access,14
496,Assimilated responsive instruction set,74
497,Open-architected zero defect focus group,72
498,Distributed empowering artificial intelligence,22
499,Cross-group didactic parallelism,9
500,Synergized 5th generation matrix,31
501,Configurable discrete superstructure,3
502,Horizontal attitude-oriented help-desk,36
503,Object-based 4th generation utilisation,3
504,Enhanced coherent matrix,75
505,Proactive holistic open architecture,85
506,Decentralized local task-force,100
507,Streamlined encompassing productivity,96
508,Organized needs-based instruction set,100
509,Networked dynamic application,93
510,Optional mission-critical solution,66
511,User-centric multimedia definition,30
512,Customer-focused multi-tasking emulation,63
513,Reactive mobile model,100
514,Ergonomic real-time budgetary management,9
515,Mandatory high-level protocol,52
516,Balanced user-facing task-force,46
517,Public-key well-modulated focus group,40
518,Team-oriented discrete analyzer,57
519,Total intangible projection,24
520,Up-sized logistical infrastructure,80
521,Reverse-engineered tertiary core,46
522,Open-architected hybrid encryption,49
523,Multi-tiered fresh-thinking implementation,7
524,Versatile full-range superstructure,97
525,Optional analyzing toolset,40
526,Advanced multi-state benchmark,27
527,Digitized dynamic algorithm,37
528,Fully-configurable well-modulated moderator,45
529,Public-key encompassing task-force,53
530,Diverse attitude-oriented array,15
531,Enhanced fresh-thinking productivity,8
532,Devolved directional process improvement,34
533,Proactive stable moratorium,8
534,Enhanced client-driven encoding,16
535,Managed clear-thinking approach,34
536,Quality-focused tangible Graphical User Interface,1
537,Seamless next generation frame,18
538,Diverse 6th generation function,8
539,Sharable local encryption,27
540,Customizable hybrid approach,35
541,Implemented client-server array,83
542,Triple-buffered motivating approach,13
543,Networked attitude-oriented info-mediaries,64
544,Right-sized local Graphic Interface,86
545,Persevering next generation matrix,65
546,Digitized disintermediate access,11
547,Extended optimizing matrices,49
548,Monitored bifurcated info-mediaries,13
549,Public-key even-keeled Graphical User Interface,68
550,Inverse tangible customer loyalty,3
551,Compatible web-enabled alliance,92
552,Reduced 3rd generation function,25
553,Universal real-time task-force,6
554,Public-key background projection,71
555,Enterprise-wide systemic internet solution,77
556,Distributed zero administration monitoring,5
557,Monitored bi-directional focus group,68
558,Ameliorated zero administration architecture,68
559,Virtual object-oriented secured line,6
560,Focused zero tolerance productivity,33
561,Focused impactful attitude,79
562,User-friendly mobile throughput,73
563,Robust client-driven analyzer,67
564,Phased background flexibility,63
565,Right-sized explicit product,7
566,Inverse reciprocal intranet,20
567,Seamless well-modulated internet solution,4
568,Synchronised foreground toolset,65
569,Adaptive needs-based Graphical User Interface,17
570,Upgradable upward-trending superstructure,45
571,Synergistic client-server algorithm,92
572,Networked radical internet solution,22
573,Diverse solution-oriented infrastructure,59
574,Digitized mobile methodology,39
575,Innovative tertiary throughput,12
576,Extended stable customer loyalty,98
577,Balanced content-based budgetary management,39
578,Advanced intangible moratorium,8
579,Phased coherent forecast,24
580,Programmable background forecast,79
581,Organic logistical frame,36
582,Total static function,84
583,Managed regional benchmark,44
584,Multi-tiered empowering product,69
585,Ergonomic user-facing projection,28
586,Innovative well-modulated focus group,94
587,Balanced bottom-line productivity,51
588,Down-sized well-modulated archive,78
589,Managed national internet solution,94
590,Cloned cohesive system engine,13
591,Organic 24 hour structure,46
592,Switchable stable artificial intelligence,68
593,Optimized empowering access,92
594,Multi-channelled discrete encryption,39
595,Future-proofed impactful capacity,8
596,Grass-roots bottom-line productivity,89
597,Digitized executive projection,64
598,Cross-group discrete open architecture,33
599,Streamlined radical array,33
600,Multi-layered asynchronous capability,52
601,Polarised national functionalities,42
602,Customer-focused hybrid utilisation,46
603,Quality-focused methodical approach,75
604,Exclusive didactic encoding,80
605,Right-sized upward-trending throughput,74
606,Pre-emptive content-based leverage,20
607,Diverse uniform process improvement,23
608,Extended fresh-thinking structure,93
609,Universal multi-tasking encoding,83
610,Networked stable instruction set,62
611,Multi-tiered analyzing data-warehouse,58
612,Synergistic background capacity,4
613,Automated well-modulated extranet,34
614,Digitized executive service-desk,6
615,Polarised scalable function,98
616,Persevering radical capability,50
617,Automated object-oriented challenge,94
618,Cross-group heuristic benchmark,40
619,Mandatory coherent knowledge base,4
620,Grass-roots foreground data-warehouse,93
621,Balanced heuristic solution,91
622,Virtual background monitoring,27
623,Networked systematic help-desk,24
624,Automated encompassing adapter,44
625,Advanced multi-state synergy,40
626,Upgradable modular core,17
627,Assimilated national adapter,11
628,Profound empowering migration,71
629,Distributed full-range process improvement,4
630,Optimized non-volatile frame,36
631,Monitored system-worthy alliance,21
632,Re-contextualized 24 hour Graphic Interface,6
633,Triple-buffered real-time encryption,83
634,Future-proofed discrete superstructure,98
635,Centralized user-facing open architecture,17
636,Organic contextually-based methodology,54
637,Quality-focused uniform function,90
638,Optional fault-tolerant intranet,95
639,Persevering background Graphic Interface,1
640,Function-based holistic infrastructure,15
641,Horizontal intermediate matrix,74
642,Distributed multi-tasking product,25
643,Total empowering conglomeration,75
644,Sharable asymmetric architecture,92
645,Assimilated non-volatile open system,65
646,Re-engineered web-enabled instruction set,35
647,Configurable regional Graphic Interface,84
648,Quality-focused leading edge policy,4
649,Centralized bottom-line pricing structure,35
650,Networked national parallelism,33
651,Ergonomic bandwidth-monitored archive,60
652,Switchable 3rd generation archive,81
653,Re-engineered high-level info-mediaries,63
654,Open-source 4th generation artificial intelligence,57
655,Innovative multi-state algorithm,77
656,Organized discrete paradigm,40
657,Down-sized maximized projection,51
658,Implemented clear-thinking task-force,18
659,Right-sized 4th generation structure,91
660,Right-sized incremental orchestration,11
661,Fundamental logistical help-desk,1
662,Cross-group stable help-desk,37
663,Operative bandwidth-monitored knowledge base,90
664,Ameliorated transitional implementation,38
665,Synchronised client-driven process improvement,77
666,Networked human-resource productivity,80
667,Ergonomic intermediate concept,74
668,Centralized static intranet,87
669,Universal asynchronous artificial intelligence,75
670,Re-contextualized bifurcated emulation,100
671,Adaptive 24 hour hardware,75
672,Virtual reciprocal instruction set,14
673,Public-key foreground capacity,91
674,Optimized even-keeled initiative,88
675,Total context-sensitive approach,73
676,Reactive background toolset,98
677,Centralized tangible moratorium,65
678,Synchronised full-range ability,61
679,Optimized zero administration implementation,12
680,Team-oriented next generation orchestration,36
681,Universal discrete analyzer,36
682,Optimized homogeneous implementation,39
683,Switchable analyzing matrix,26
684,Decentralized eco-centric software,69
685,De-engineered secondary service-desk,2
686,User-centric even-keeled capability,55
687,Polarised intermediate solution,36
688,Digitized multi-tasking standardization,94
689,Front-line 24 hour algorithm,70
690,Extended dynamic moderator,76
691,Vision-oriented reciprocal implementation,17
692,Triple-buffered real-time Graphic Interface,33
693,Fully-configurable global implementation,19
694,Ergonomic 4th generation forecast,27
695,Total zero administration adapter,81
696,Robust value-added pricing structure,3
697,Multi-layered multimedia budgetary management,89
698,Mandatory responsive capability,84
699,Synchronised homogeneous policy,29
700,Configurable explicit framework,10
701,Multi-tiered well-modulated model,73
702,Progressive secondary knowledge base,88
703,Cloned exuding installation,41
704,Virtual impactful synergy,7
705,Centralized empowering process improvement,50
706,Switchable stable portal,43
707,Right-sized bottom-line neural-net,83
708,Synchronised mobile toolset,65
709,Enhanced cohesive secured line,61
710,Stand-alone asynchronous emulation,78
711,Pre-emptive grid-enabled challenge,41
712,Devolved multi-tasking Graphic Interface,57
713,Universal demand-driven process improvement,73
714,Stand-alone dedicated attitude,97
715,Persistent client-server instruction set,21
716,Organized scalable success,48
717,Balanced non-volatile artificial intelligence,33
718,Assimilated intangible middleware,4
719,Configurable object-oriented alliance,22
720,Proactive bi-directional encoding,73
721,Secured multi-state core,84
722,Adaptive neutral protocol,16
723,Re-contextualized mobile extranet,62
724,Business-focused modular solution,6
725,Public-key impactful extranet,100
726,Centralized intangible complexity,6
727,Front-line radical functionalities,36
728,Upgradable multimedia throughput,44
729,Triple-buffered global toolset,80
730,Robust high-level help-desk,79
731,Multi-channelled composite emulation,67
732,Persevering web-enabled adapter,73
733,Distributed motivating secured line,23
734,Exclusive global model,7
735,Mandatory tangible capability,38
736,Diverse multi-tasking flexibility,78
737,Organized intangible matrix,2
738,Sharable 4th generation orchestration,38
739,Streamlined static methodology,64
740,Face to face 3rd generation definition,80
741,Monitored heuristic concept,3
742,Decentralized responsive open system,80
743,Multi-layered human-resource model,45
744,Function-based tertiary infrastructure,80
745,Team-oriented leading edge info-mediaries,7
746,Automated tertiary workforce,60
747,Inverse asynchronous encryption,72
748,Versatile incremental structure,65
749,Implemented optimal solution,87
750,Diverse upward-trending flexibility,94
751,Enterprise-wide impactful intranet,58
752,Down-sized 24 hour project,94
753,Enhanced well-modulated time-frame,69
754,Total maximized secured line,89
755,Synergistic local contingency,96
756,Implemented mission-critical implementation,68
757,Ameliorated scalable architecture,73
758,Integrated tangible function,91
759,Automated user-facing collaboration,45
760,Optimized secondary complexity,59
761,Switchable coherent installation,52
762,Triple-buffered even-keeled installation,59
763,Phased incremental ability,60
764,Proactive incremental moratorium,74
765,Triple-buffered zero tolerance monitoring,74
766,Assimilated solution-oriented protocol,23
767,Virtual asynchronous implementation,40
768,Sharable heuristic help-desk,98
769,Managed optimal frame,31
770,Optional even-keeled Graphical User Interface,71
771,User-centric bifurcated monitoring,99
772,Right-sized 4th generation budgetary management,10
773,Upgradable hybrid task-force,41
774,Realigned national infrastructure,7
775,Ergonomic foreground projection,23
776,Optional neutral artificial intelligence,31
777,Grass-roots dedicated paradigm,55
778,Managed background throughput,15
779,Visionary cohesive project,42
780,Universal fresh-thinking open architecture,20
781,Open-architected intangible time-frame,81
782,Profit-focused bifurcated website,2
783,Customer-focused 4th generation archive,54
784,Fully-configurable non-volatile concept,69
785,Decentralized heuristic instruction set,58
786,Innovative high-level protocol,16
787,Face to face reciprocal hub,37
788,Triple-buffered directional website,6
789,Public-key bottom-line interface,13
790,Multi-lateral secondary matrices,34
791,Enterprise-wide maximized moratorium,9
792,Face to face asymmetric structure,89
793,Business-focused dynamic knowledge base,10
794,Managed reciprocal budgetary management,30
795,Managed incremental Graphical User Interface,51
796,Expanded next generation frame,75
797,Integrated foreground forecast,58
798,Inverse encompassing moderator,18
799,Implemented web-enabled hardware,45
800,Function-based zero tolerance synergy,4
801,Robust asynchronous groupware,78
802,Up-sized 5th generation website,20
803,Profit-focused intangible installation,7
804,Reactive solution-oriented task-force,15
805,Right-sized value-added website,2
806,Right-sized empowering policy,46
807,Polarised client-driven approach,95
808,Re-engineered human-resource Graphical User Interface,22
809,Advanced even-keeled interface,53
810,Reactive global encoding,93
811,Mandatory leading edge standardization,5
812,Synchronised logistical circuit,41
813,Optional transitional core,84
814,Multi-tiered dynamic approach,6
815,Extended dedicated open system,53
816,Inverse interactive hierarchy,79
817,Programmable local extranet,87
818,Face to face discrete concept,42
819,Devolved coherent middleware,24
820,Assimilated non-volatile concept,3
821,Visionary intermediate access,45
822,Persistent well-modulated forecast,52
823,Configurable holistic groupware,66
824,Ameliorated zero defect migration,5
825,Mandatory contextually-based moderator,62
826,Visionary non-volatile hierarchy,49
827,Compatible value-added projection,71
828,Self-enabling context-sensitive benchmark,45
829,Enterprise-wide tangible flexibility,84
830,Adaptive client-server solution,13
831,Cross-platform multimedia data-warehouse,50
832,Devolved transitional encryption,23
833,Realigned holistic structure,48
834,Visionary demand-driven complexity,29
835,Mandatory stable matrix,75
836,Multi-lateral local forecast,7
837,Visionary grid-enabled product,44
838,Synergistic human-resource instruction set,49
839,Open-architected methodical architecture,61
840,Organic contextually-based algorithm,70
841,Expanded next generation application,17
842,Multi-layered user-facing customer loyalty,94
843,Centralized analyzing moderator,65
844,Profound user-facing Graphic Interface,42
845,De-engineered heuristic data-warehouse,45
846,Synergized foreground local area network,9
847,Multi-channelled contextually-based array,42
848,Cross-platform encompassing architecture,99
849,Self-enabling composite support,44
850,Implemented background Graphical User Interface,74
851,Customer-focused coherent info-mediaries,99
852,Versatile maximized architecture,22
853,Expanded foreground archive,97
854,Self-enabling directional flexibility,59
855,Ameliorated 4th generation application,88
856,Robust eco-centric collaboration,10
857,Object-based next generation capacity,34
858,Diverse 4th generation focus group,71
859,Synergistic value-added product,23
860,Reverse-engineered responsive concept,43
861,Up-sized 5th generation budgetary management,59
862,Fully-configurable disintermediate synergy,56
863,Digitized composite forecast,90
864,Configurable user-facing customer loyalty,6
865,Extended non-volatile contingency,76
866,Versatile neutral matrix,17
867,Team-oriented value-added leverage,22
868,Pre-emptive well-modulated product,32
869,Enterprise-wide intangible conglomeration,97
870,Vision-oriented transitional architecture,2
871,Monitored fault-tolerant internet solution,25
872,Synergistic tertiary knowledge base,47
873,Inverse dedicated superstructure,79
874,Synergized contextually-based framework,24
875,Cross-platform 4th generation budgetary management,39
876,Universal web-enabled focus group,19
877,Seamless encompassing knowledge base,40
878,Down-sized bifurcated open architecture,91
879,Vision-oriented background leverage,70
880,Implemented interactive archive,58
881,Implemented motivating Graphic Interface,13
882,Object-based 6th generation artificial intelligence,88
883,Organic incremental functionalities,32
884,Universal cohesive workforce,48
885,Stand-alone multimedia product,14
886,Team-oriented global middleware,28
887,Polarised non-volatile instruction set,50
888,Streamlined reciprocal local area network,23
889,Intuitive background application,40
890,Front-line discrete leverage,17
891,Extended optimal groupware,59
892,Integrated responsive matrices,17
893,Expanded client-server help-desk,12
894,Profit-focused real-time core,11
895,Grass-roots grid-enabled array,45
896,Cloned clear-thinking alliance,12
897,Universal leading edge matrix,25
898,Profound bi-directional attitude,2
899,Intuitive maximized implementation,41
900,Configurable web-enabled concept,23
901,Vision-oriented incremental firmware,38
902,Secured homogeneous capacity,23
903,Profit-focused didactic knowledge user,91
904,Exclusive needs-based info-mediaries,9
905,Customizable systematic time-frame,2
906,Switchable heuristic benchmark,18
907,Polarised mobile architecture,38
908,Ergonomic dynamic frame,99
909,Diverse bandwidth-monitored neural-net,2
910,Horizontal intangible workforce,23
911,Multi-lateral heuristic architecture,84
912,Operative global open architecture,8
913,Centralized intangible benchmark,62
914,Automated optimal product,9
915,Innovative background moratorium,37
916,Expanded attitude-oriented database,52
917,Business-focused impactful encoding,58
918,User-centric grid-enabled solution,2
919,Re-engineered tertiary conglomeration,73
920,Profit-focused tertiary success,65
921,Visionary web-enabled firmware,5
922,Proactive contextually-based encryption,48
923,Cross-platform interactive frame,62
924,Function-based coherent project,15
925,Programmable user-facing neural-net,52
926,Organized regional initiative,23
927,Right-sized multi-tasking data-warehouse,96
928,Cross-platform asynchronous access,54
929,Vision-oriented even-keeled moderator,83
930,Integrated didactic data-warehouse,50
931,Ameliorated composite standardization,58
932,Implemented needs-based budgetary management,16
933,Networked demand-driven encoding,41
934,Phased fault-tolerant moratorium,99
935,Reactive next generation encryption,43
936,Open-source needs-based secured line,14
937,Re-engineered asymmetric frame,65
938,User-centric directional infrastructure,71
939,Networked holistic ability,78
940,Proactive demand-driven data-warehouse,61
941,Self-enabling client-driven internet solution,93
942,Advanced leading edge database,57
943,Reactive object-oriented support,65
944,Grass-roots object-oriented project,57
945,Realigned optimal parallelism,19
946,Advanced analyzing extranet,24
947,Re-engineered impactful process improvement,69
948,Decentralized optimizing circuit,51
949,Proactive impactful open architecture,64
950,Virtual composite interface,70
951,Multi-lateral system-worthy solution,15
952,Seamless uniform utilisation,70
953,Seamless dynamic open architecture,93
954,Visionary object-oriented orchestration,69
955,Open-source discrete analyzer,75
956,Vision-oriented upward-trending complexity,62
957,Switchable national complexity,52
958,Devolved systemic firmware,60
959,Multi-lateral motivating internet solution,88
960,Monitored client-driven core,16
961,Sharable next generation software,81
962,Persevering clear-thinking analyzer,53
963,Compatible methodical emulation,59
964,Monitored motivating encoding,43
965,Distributed fresh-thinking standardization,94
966,Synchronised encompassing matrix,83
967,Enterprise-wide client-server strategy,90
968,Exclusive even-keeled initiative,94
969,Visionary value-added conglomeration,30
970,Cloned asymmetric support,93
971,Virtual asymmetric service-desk,55
972,Pre-emptive full-range encryption,68
973,Exclusive heuristic approach,98
974,Organic actuating solution,66
975,Configurable even-keeled data-warehouse,100
976,Configurable hybrid function,27
977,Switchable 6th generation application,16
978,Secured uniform capability,6
979,Open-source needs-based database,75
980,Expanded hybrid methodology,69
981,Managed reciprocal database,34
982,User-friendly real-time projection,16
983,Digitized 6th generation parallelism,36
984,Front-line dynamic workforce,61
985,Cloned zero administration function,17
986,Organized zero administration project,72
987,Reverse-engineered foreground access,5
988,Enterprise-wide national archive,73
989,Monitored cohesive portal,62
990,Realigned local initiative,45
991,User-friendly system-worthy moderator,52
992,Ergonomic interactive application,76
993,Reduced eco-centric access,87
994,Innovative contextually-based Graphical User Interface,54
995,Inverse composite Graphic Interface,64
996,Intuitive eco-centric model,29
997,Down-sized attitude-oriented leverage,64
998,Multi-lateral global collaboration,62
999,User-friendly empowering archive,96
1000,Robust hybrid middleware,30
