id,email,password,handle
1,wkristiansen0@hibu.com,vT5'=UEmlUE,nkoppelmann0
2,gcockerton1@mediafire.com,eO1)JZ(4&k~',ktirrell1
3,bbestwick2@dyndns.org,hE7&aRNk,ainchan2
4,gcurrie3@webeden.co.uk,jF9!N+\L2Un4,djulien3
5,nstandon4@gov.uk,iG5_dg69CQizL},mswindin4
6,amcleoid5@hatena.ne.jp,cC2(ppvheIo?Uu,mbrindley5
7,gwaddie6@uol.com.br,"fP5,MtFh=v",sthomesson6
8,atayt7@nydailynews.com,"nN9""1.4yR",tkimbly7
9,breven8@nsw.gov.au,eN8=Uns9AIVsK*_,dmarshall8
10,dtee9@hexun.com,iG2}\Q<n~uM@8d,lravel9
11,pbrearleya@eepurl.com,"qA5""U43>gp,,",sheapea
12,dorsmanb@time.com,pP3<@0mX\q,kdeclerkb
13,lwoodagec@deliciousdays.com,jL4%l_pN*,tlendonc
14,nconaghand@netscape.com,"bY7>KS'gf""<j>5""",clankfordd
15,ekettelle@cyberchimps.com,dL8*6YdE?Q,gpenkethmane
16,tmayberyf@indiatimes.com,wK7(`z)>Pf}@w,mastf
17,clevaneg@wp.com,zB0'Hf%*F(NY,nsleightg
18,balessandruccih@typepad.com,dM9=+g0%lx8,habelsonh
19,gwidmoori@tamu.edu,"tJ2,izs3vdBOYY",agrowcocki
20,chadfieldj@bloglovin.com,zY0~B?Jg@.Q,ofilisovj
21,rsartink@businesswire.com,dJ4>{M%Io,zpetytk
22,jellingsworthl@google.de,eH3'@018NL|I2L,rrollittl
23,hrowbottomm@guardian.co.uk,oW3%4J3|!I{DS+9,akleinhautm
24,ksatterlyn@google.co.uk,tS6{iBDIZ<P,oshervingtonn
25,jpirieo@nih.gov,pM4(y`<R+LmCI0,cvinteno
26,aproomp@hibu.com,oG9*DxN8)!ef*,cjacquesp
27,bwicklinq@java.com,fB2&*5*qS'q`,rwhenmanq
28,eziemenr@photobucket.com,lT1/XS7}`Yj,olystr
29,mpetriellos@sphinn.com,tZ5*}d$%577X+4,trennisons
30,nidet@pagesperso-orange.fr,"wZ3,0*qW2",ynottlet
31,lvickerstaffu@goo.gl,yJ5'!NYWkS%C,broseboroughu
32,mheathcottv@tamu.edu,oN5!Q'JSF5,sbrumenv
33,gandreouw@technorati.com,tN5>ENeNB@3h,nbrunigesw
34,bbrightiex@stumbleupon.com,"aF5/,@PY",csyderx
35,bbarthorpey@epa.gov,"bE2?hE}?AY&""6S'`",sklugmany
36,wdeclercz@ted.com,uA8/&o*~uI,mlosebyz
37,eharbard10@globo.com,sU7=w+2len,eduny10
38,zdron11@washingtonpost.com,oK6?\Htg5G`&XAu,jbruins11
39,ddrissell12@springer.com,hL1@OKhc,mwalker12
40,hainge13@tripadvisor.com,"jA0=bDR""p#sh+tKF",dkivlin13
41,pnazaret14@istockphoto.com,vN9/B2DHl<c0Jv,darbor14
42,bgobbet15@t.co,"fT3#b)xo)F,8!",fblanko15
43,pnarey16@ycombinator.com,rY9|zNpyvCJv,rklehn16
44,kitskovitz17@goo.gl,hA7`8Agy,dchristoffersen17
45,laxcell18@ameblo.jp,uZ1.qsgObn/`,ldugget18
46,ddinning19@java.com,"nF7)&,uS}'AE5M",eparriss19
47,ckearle1a@thetimes.co.uk,rC8&11#'{0J&vu,wgowdy1a
48,cpease1b@webnode.com,"gV0""dvF7_KuSC)G",mlesley1b
49,thappel1c@cdbaby.com,"qI9,%g'X""*kN2",ltonsley1c
50,ubonnefin1d@over-blog.com,eP3'c*\Etv2Zk5,ssebring1d
51,tworrill1e@usatoday.com,kI5(0I!gK#I$!tp,cburford1e
52,lcattell1f@examiner.com,qY9~a'GNz2R@k+c,lrankmore1f
53,dstepto1g@weibo.com,oP3$0|2dSuw,triccelli1g
54,dgallihaulk1h@blog.com,aV3~LKWbR,pashwood1h
55,tstarr1i@dropbox.com,oH7&f(BD=KU1,sbernhardsson1i
56,acattlow1j@kickstarter.com,sI5/$AdgC0.q{$R>,cbernardotte1j
57,dcancellario1k@disqus.com,rO1*<uq&z,lbrunnen1k
58,mgrogona1l@skype.com,vA0)5omz,ycrilly1l
59,eshiel1m@lulu.com,fC0~*AKhtn,dblaes1m
60,gklimmek1n@vkontakte.ru,oU4$)#APDVx,cfrankowski1n
61,abrant1o@patch.com,lD4=HT2ZZK,amaass1o
62,bkondratenya1p@wix.com,uZ3=.3T5{e|TcsG,glumsdall1p
63,lalessandrini1q@mapquest.com,"aH4@""h9|zE9|l+j",ijacquot1q
64,dstreader1r@ca.gov,"xD3#S_J.9oA,gU@",mmargach1r
65,rchess1s@cloudflare.com,cF4{gn6MmLo#RjD,ddigwood1s
66,rmccrackan1t@youtube.com,"wY0,&LMP{",jgiacomuzzi1t
67,zphilcock1u@cargocollective.com,"vY3<""{kXyZ",cboardman1u
68,jgerauld1v@bloglovin.com,kN6|(A4De}O,nsnazel1v
69,ggeldard1w@ed.gov,uH3#)920J+(H&5U,swoofenden1w
70,cbalderson1x@wikispaces.com,fK7~)r$YM&,epucker1x
71,achastanet1y@theatlantic.com,uB4@/eSrWZun),sdodsworth1y
72,ijealous1z@ihg.com,"lJ6""S`7D=""",iargontt1z
73,rmayhead20@sfgate.com,"fZ7`/|O""Ha",dmackain20
74,hputley21@instagram.com,eV9!BS}rXq`HvS.,dauletta21
75,drunnalls22@ca.gov,eP4\Kd*m+ST/qV6h,hgait22
76,dmordin23@posterous.com,"iM9/`lp,!bx1",csilbermann23
77,cmicah24@abc.net.au,dU3\zDO2,pwestcar24
78,jmcalroy25@ustream.tv,oY1_6bJ4lC,mkopacek25
79,squernel26@hubpages.com,"rQ9,NNa4ADWsqHqx",urozier26
80,dvolks27@people.com.cn,"sE3@0T',T",kcoker27
81,sdavydenko28@patch.com,jC9@AI*~,lveivers28
82,akepe29@guardian.co.uk,kI6.b!s_DXgfp,trispen29
83,ddublin2a@google.es,"iG2,\v/4)q",jbrunicke2a
84,ufegan2b@indiegogo.com,sE1\vLlw5K%y},mforrestill2b
85,ascarth2c@google.it,iO9)7HuN7t,swiddall2c
86,jfautley2d@google.fr,nH8/tpHW_G+HHR?C,clello2d
87,jaloshikin2e@spiegel.de,yL0(V<mV&eS%?$e3,narrell2e
88,fadmans2f@flickr.com,cO6_e&9e3*B~Q,mcovely2f
89,wnissle2g@mac.com,rJ3|_GQG,tfearne2g
90,mvenes2h@blogs.com,tC2!+1}QUm2f~k=T,crubroe2h
91,xwaitland2i@photobucket.com,bU2.+#XkRMTe}>jE,ndufaur2i
92,jscapelhorn2j@nasa.gov,qW5%@Qy%gr,apurselowe2j
93,sdoby2k@npr.org,fG5_&$1L2s,jtaynton2k
94,fcorcoran2l@cornell.edu,vT0<'Lp56'Q,jcouldwell2l
95,gjelphs2m@theguardian.com,aG7<XI/+!(rke?,rlukasen2m
96,shartfleet2n@w3.org,"zR4""H<Inh5eggS",mmcguiness2n
97,eizard2o@theguardian.com,vF1\dUGZE<pe&|~L,mvian2o
98,pjurczik2p@thetimes.co.uk,fV4_q*_6c*?,nthorndale2p
99,glanglands2q@jugem.jp,"nG7%Gd}Au,q!>K|l",rdewar2q
100,ipenning2r@homestead.com,jI3|CI!IF2g,vgullane2r
101,mbenson2s@kickstarter.com,"tK9`~)c""9)/XrcoX",bredmore2s
102,cgoering2t@usgs.gov,rQ9%y(tU.b`,esaiger2t
103,hmasse2u@cam.ac.uk,kD6>+21{Ha#xl,obagshawe2u
104,kcarnaman2v@imgur.com,pJ7>hAuj1n%L_HQ+,lnew2v
105,jgammage2w@nba.com,"eE5+4)o""T",skneeshaw2w
106,cgaither2x@elegantthemes.com,wK7/}XN}@Z$OH,arennix2x
107,douterbridge2y@sakura.ne.jp,wN0>wHrsF_y8}4oR,trobley2y
108,gkaemena2z@google.com.hk,lQ0(|mt}bq=bT,acrippes2z
109,fvoff30@slashdot.org,bZ5`Xc.p,vslimings30
110,cburress31@netlog.com,"nZ2$(3uMo>(,@x9I",dcoleiro31
111,kbicheno32@europa.eu,kM3&T.%._v*0F,gsarrell32
112,vdowley33@gmpg.org,iS5`0jpm,jcomettoi33
113,jtanser34@google.pl,wR6@&s6on)65pUK,dgoward34
114,rlocarno35@sfgate.com,gZ6>v\=&dfNW,tpentony35
115,rschapero36@newyorker.com,wQ7$`*'s.c$~\,tartinstall36
116,dglasheen37@theatlantic.com,mO9#m!oaN*AM!$~Z,fwethered37
117,gdalliwatr38@rambler.ru,xO7(9dLnP,brobeiro38
118,bscamerdine39@shareasale.com,rG9@OU>bSo1pj%)C,jgeorgeot39
119,igaratty3a@engadget.com,"lJ2}G2z""cQ_Y?&t5",mpaaso3a
120,zcosins3b@symantec.com,lJ6{y'!+ll,mstaden3b
121,cjobes3c@vistaprint.com,oN1'!V#*B~}*v7',lwestmacott3c
122,hblasing3d@comsenz.com,xG6!3{}x*,mottewell3d
123,omeegan3e@sina.com.cn,dT5+$(`||V5L,gkettlestring3e
124,tborborough3f@acquirethisname.com,sC0$Ke{}IE|,mlehrer3f
125,bfridd3g@prnewswire.com,"oC6('m,o\sHEbL",cmarden3g
126,lmccaughran3h@lulu.com,bC5!9N}DF.3PPF)W,imcclay3h
127,jattreed3i@reference.com,nU3#IPa4D6k_y,hzienkiewicz3i
128,iserris3j@hexun.com,"tV4)lSz""l",fmahedy3j
129,klukasik3k@123-reg.co.uk,bB8=smQf}s6,chickin3k
130,psplevings3l@cargocollective.com,dW9}2AP+Y,rhaggar3l
131,rtoke3m@reuters.com,"rO5""r)Gaj9s,>|",jtrayford3m
132,bfenkel3n@liveinternet.ru,bH2*nzMfwGvB,gcapelen3n
133,tloveguard3o@nih.gov,vJ1}*sUd\tAw,cforrestill3o
134,jbroxis3p@hp.com,"tN3/~N_UKzy""",ylamborne3p
135,gwoodington3q@altervista.org,xP6=6kZ*',eflamank3q
136,rgeram3r@msn.com,fL6!uObuA~B,dholhouse3r
137,gwinchcomb3s@nytimes.com,iK6>XA=IM,fkliemchen3s
138,etabbernor3t@google.es,vT6&yj*O,jfishenden3t
139,dhallgath3u@php.net,gP6&(}eD_,hkorf3u
140,jpicardo3v@ezinearticles.com,vY3}BK@6e}rp,ccodeman3v
141,mharmour3w@flavors.me,rW1`Qc1o5,hruzicka3w
142,btrimming3x@themeforest.net,"gN5%,Sc\J{qp",lfreathy3x
143,rmcilwain3y@bloglines.com,xO9/9vof,grawlcliffe3y
144,lcreeber3z@google.co.uk,qY7~B=ZHP1,mgaber3z
145,llodewick40@ihg.com,iL1>(<A3!Z,cbrightie40
146,bbubbins41@wisc.edu,sR3'om={t1,lrhodef41
147,dnutbrown42@miitbeian.gov.cn,rG4=|VJu8OOk,jsnoday42
148,jstormes43@moonfruit.com,aE6.RoJJgv#,eastle43
149,nkiely44@desdev.cn,"sD9""""C/!tzR",bmatteucci44
150,agolland45@independent.co.uk,oB4_3a9eMUC*>Hg,kdrage45
151,cjeacop46@abc.net.au,yQ0(B~B6Zg9SH{DT,nfrizzell46
152,lstamps47@51.la,nB4#@vv{_lI?,mjest47
153,dcoale48@epa.gov,wX6&`dq@,ovicent48
154,ckilcoyne49@dion.ne.jp,"hM9'.iUP7R0\Z7""",gdunkerton49
155,msergent4a@theglobeandmail.com,iE3'Z|Y(Ww8B7L,jmacnamee4a
156,rashplant4b@toplist.cz,yW4@v62i,hdugdale4b
157,ocuseick4c@google.com.au,uK8_KhI2%kF,sseine4c
158,dbenwell4d@msn.com,qG7'&_h(YejHOh,awelling4d
159,eletertre4e@opera.com,tQ7>Jh`?ZsZBL,mtomaini4e
160,aberrey4f@addthis.com,rF7(EU#p($$,mtomson4f
161,ejennison4g@live.com,xI6!H/qS~,ghebblewhite4g
162,hcrow4h@lycos.com,zN1<EP0M+/,fbagge4h
163,cbrakespear4i@unesco.org,"cW0,15hZ",sgathwaite4i
164,etresise4j@domainmarket.com,uF8\V=bz>oMX,cabsalom4j
165,cbesson4k@ebay.co.uk,kY0}H3HvGXJKUQ4,dsmalles4k
166,nwinspurr4l@bravesites.com,mR3!>q4J,avogt4l
167,odrysdell4m@aol.com,"aU4,_Z{%p|\'z!j",froizin4m
168,dconnock4n@comcast.net,cR3~O/jt,cgarbett4n
169,raizkovitch4o@pinterest.com,cX3{EhpC,rlamkin4o
170,ibelt4p@reddit.com,"wW4,dWhE",lshillaber4p
171,klong4q@example.com,hA1(_K2I!R,mlillecrap4q
172,arubinsohn4r@blogspot.com,"dS4}%eW=""8x*n",ghuyhton4r
173,aelleyne4s@hhs.gov,gU3*La1f82,nflemming4s
174,tmcquie4t@flickr.com,jW5*uwDR(cwxa,emcpeck4t
175,dmcmenamie4u@ebay.co.uk,xZ4{Ag{{?A+&c,lenstone4u
176,bleek4v@booking.com,qI1<`9=Vmra4,carmor4v
177,creaman4w@bravesites.com,rW4<Er4B4yikR..l,jmcvity4w
178,jgorgler4x@abc.net.au,jA0`@Y_2,ahaygreen4x
179,fkalinowsky4y@cbsnews.com,eC2|6oMZ,bfierman4y
180,cbyrch4z@artisteer.com,"wO9=OmX5,",frawlence4z
181,ayvon50@de.vu,"tR8..,{zil",dhatchard50
182,zgaineofengland51@washingtonpost.com,iC8($sggJ}f\,gcucuzza51
183,fmccollum52@hibu.com,tT9)z38KF{Y,dwyd52
184,jhartfleet53@sbwire.com,eN1}1T}.rpp(IgIf,gring53
185,aparidge54@macromedia.com,vF5'szNjeJV{Y,seady54
186,kdeaville55@multiply.com,lP3+eSA)A,swhorf55
187,bagott56@exblog.jp,"qJ7,w/tX8j",awannes56
188,mcolvin57@amazon.co.jp,hW8`eEyZ&Jl!73,bdeveril57
189,bkeith58@ehow.com,jC9)i1?$WC{ZIwXJ,sgobel58
190,kskeete59@cam.ac.uk,kP2|'x88jOs9aD,aelwel59
191,sosanne5a@addthis.com,pM0>4/VJbs,srojahn5a
192,trolstone5b@oaic.gov.au,eS9@m%6@a,ccastledine5b
193,eutley5c@mit.edu,"kW7|M,9z",aglenny5c
194,eweek5d@amazon.de,fH9~Hs.baMefi,vrugiero5d
195,raylin5e@github.com,rO7@_X@V!H,vcroose5e
196,adudbridge5f@pcworld.com,aI7'Ok%wm,zhelks5f
197,achurchard5g@e-recht24.de,tB3<xDym\*n,svigrass5g
198,bdaw5h@pinterest.com,tA9}IGzd2r!y!x6,hrawlinson5h
199,ahatry5i@slate.com,zT4)bNDF)+,ajanuaryst5i
200,ecumes5j@archive.org,eY5/%pqmi2YJpC>,sdomoni5j
201,mwestphal5k@pagesperso-orange.fr,"pN4<,/e.bn!yr",lsergent5k
202,bcasbourne5l@wiley.com,"zN4,03}V",aboulton5l
203,ddykes5m@sina.com.cn,"wX1>&Bi,Z$*",cmilsted5m
204,ccottrell5n@163.com,"sQ7""<@Usig8_@",strowl5n
205,jpistol5o@reuters.com,lP6\tl(+|vWn,wbrecken5o
206,cwrout5p@twitpic.com,dN4)4$D`\,nbrayshay5p
207,bvandijk5q@dell.com,"lY1|xj0Ac""rl",aatyeo5q
208,maslott5r@ifeng.com,dY5\%){>pD,tblann5r
209,nlidgett5s@w3.org,fF2%3XsaX+,asatford5s
210,rturone5t@mit.edu,"rD5,z+0608#<p!U",rdemkowicz5t
211,ccorteis5u@toplist.cz,oF5_pjajq*Tw,aklemensiewicz5u
212,dcreffeild5v@jiathis.com,jP9*%j>Obg,clightman5v
213,hkrysiak5w@exblog.jp,zT5'srjrb06d),cgrowcott5w
214,jleyfield5x@nyu.edu,zT2|eX%s4zbH@wS,wshuker5x
215,tgolley5y@weebly.com,sQ2)At>Ii!`xIT,zannetts5y
216,lshotbolt5z@slideshare.net,lX9<=v.),djordanson5z
217,hwarre60@creativecommons.org,rE0(WmnXm|X,gbaynom60
218,kentwisle61@symantec.com,"pJ9,""NS0S*PHt",aparsley61
219,smoulden62@washington.edu,fB6(U</l`@x~,ijellico62
220,edmitr63@webeden.co.uk,"vU0&,pHML",sdunkerly63
221,afinnie64@dell.com,zP9&{XPd68j6<}`,tmarqyes64
222,cdowle65@gizmodo.com,vN8\mMH+xkn=y>R,adamiral65
223,dsimoneton66@npr.org,kY7~r0#g<c{,osteeples66
224,fskurray67@gnu.org,eG0+Qi~=j,szaniolini67
225,adarwent68@scribd.com,cF7}UvYsu),sfeldbaum68
226,bgandy69@dailymail.co.uk,pU5/O~UV$&P.k`,pwilcocke69
227,jsallier6a@noaa.gov,tZ1'W3<7,sbinton6a
228,apuddicombe6b@g.co,zA4#H|d0\B3W7,jgurko6b
229,bnettles6c@tamu.edu,"gG9,THm0",ngalloway6c
230,ldumbrill6d@epa.gov,vJ8=?madJ_I3lS,ckeepence6d
231,tsantino6e@npr.org,dZ7%(9S)9I,mtrevon6e
232,rmoquin6f@princeton.edu,oK8+D=@&~,mcush6f
233,vpetracci6g@g.co,zJ6_y*YE3&,pdewey6g
234,cbraybrooke6h@hc360.com,"rA2`9v2d&t@lpqx""",sllewelyn6h
235,dblackborn6i@desdev.cn,xO3{3'Iz+2\~\,jmcguinness6i
236,gruppele6j@wufoo.com,mL6!2Ksytt.y\T9|,afairweather6j
237,bpawelski6k@pinterest.com,"eZ1.U4dT\,i35)",aloveguard6k
238,rharley6l@hp.com,xU2/4`LPWy,amartusov6l
239,qlinning6m@techcrunch.com,lH7?{C+$#M/P|B'_,kcasseldine6m
240,sblesing6n@mashable.com,jM2>BcZcT7q5'U,djillard6n
241,sfoss6o@chicagotribune.com,tR5|MnC(5>I*A@@V,owinram6o
242,rthoma6p@princeton.edu,rV0}#Z/0M$e'!,mmclukie6p
243,rtukely6q@stanford.edu,kH8?2FwwPQ?4a,fdeinhard6q
244,bschoenrock6r@parallels.com,xI6?J_i<KskM0,mlewson6r
245,jhabbema6s@sun.com,jR0#wB!eWVb,nheatly6s
246,wmcgall6t@jugem.jp,dG1|}N=KpClY=,xcrottagh6t
247,aobee6u@devhub.com,hF3+DI3kIILt<sa6,eschaffler6u
248,rpadden6v@irs.gov,"fM8""O%6|N*cS",chemeret6v
249,mspataro6w@google.com.hk,wM4.$I3IUV5,ddanev6w
250,broulston6x@indiatimes.com,"iH1""X'9<SU$tok",drutt6x
251,zuttridge6y@noaa.gov,lP1\/WaX1oWt*4,kfanstone6y
252,klandes6z@chron.com,vL9?a}6$mR}=,rcornillot6z
253,nwhitwam70@mozilla.org,pD3!+z?JTzw0a,ecohane70
254,hseaward71@over-blog.com,"gU1(wEP+IQ,",singleby71
255,cbeal72@mashable.com,"zS2#"",LT",cnucator72
256,jrevie73@cpanel.net,wY6)W}IG,jmaclucais73
257,hbruffell74@storify.com,sE2#mF.7,tbernardin74
258,rmcelrath75@arstechnica.com,"qY9,bCsk~nol_&ss",wmcmychem75
259,kringer76@amazon.de,"kI8{""i~Z8nT4v",rburgin76
260,agerald77@admin.ch,uQ2)iNGy,hwhitton77
261,ppainswick78@artisteer.com,"gL7/L=l,",ktaplow78
262,mschneidar79@mediafire.com,qP2_fF(Q{,bmitchley79
263,dballam7a@cocolog-nifty.com,"jD2,Rt~U`g",dnorree7a
264,pivashechkin7b@japanpost.jp,zW4~cC{PV,ggallaher7b
265,dmussington7c@netvibes.com,gH9@1gqSb,ggunda7c
266,bconnolly7d@reverbnation.com,xI2*f%`c,ghoble7d
267,msmerdon7e@apple.com,"aW6,#N'|,>B8",rquayle7e
268,kaxelbee7f@deliciousdays.com,xE3?kwE`D'}4a$BI,kbarhems7f
269,pnuth7g@dagondesign.com,pG2`/D8Nk_*hl!k,rpaynes7g
270,oraulston7h@mashable.com,xQ4<O&ZK{PH,yfolling7h
271,ecroisier7i@ifeng.com,"zO0,3H=c,l",aclark7i
272,obodemeaid7j@tmall.com,"hB4\/==,M",qtrawin7j
273,croadknight7k@shutterfly.com,cC8@lO&q,ikillcross7k
274,kkarpfen7l@simplemachines.org,sX3_X+yi%wrj@'*A,pblissitt7l
275,jmateescu7m@yandex.ru,"zV4#L\wo4$u8""_TH",ewynn7m
276,jcranna7n@ed.gov,iG5>Y+bg_B,lpopland7n
277,dcusick7o@latimes.com,dL6$IKir/R,bdart7o
278,pledeker7p@icq.com,"nI8&~u)}o""",cdelisle7p
279,ddealey7q@google.fr,eZ4>VxsSL0B=8Sil,tmcveighty7q
280,aledington7r@1und1.de,jB3!_2\Jw.1a/Qz,cpettman7r
281,vhoofe7s@fema.gov,nW4=l}C0,wbruhke7s
282,schauvey7t@cornell.edu,cY1{kX2bktDD*vsJ,bheims7t
283,dmacfarlan7u@forbes.com,tK0~hM=d,rlacroix7u
284,ccaillou7v@patch.com,yZ2|YJ60!#K_W,dtranter7v
285,klegassick7w@redcross.org,fE4&{8ZcoK,bvannoort7w
286,wfrood7x@de.vu,gF2$gx4l,sbazylets7x
287,acranney7y@people.com.cn,nI0{279u\SEYiB',jwhitney7y
288,rjizhaki7z@cpanel.net,zV3<rv\jO,jsturdy7z
289,ewoollacott80@senate.gov,vQ9>hqlf,rpechold80
290,cdelasci81@goodreads.com,cE9(#_JIAFOxHy(,pstockoe81
291,tscates82@devhub.com,"aB9,DK9fc",ahaile82
292,agreenhaugh83@weebly.com,nX4!y`N%<,nwinfield83
293,kturley84@exblog.jp,gF1/ygY|logk9/=,bbirtwistle84
294,hrobic85@nymag.com,"nR9/,8WWcM\O",fwitchalls85
295,ostepney86@parallels.com,qD2>+<L?LI43Fq+~,jdelamere86
296,jkimmins87@sourceforge.net,wF8%GY@T,dworrill87
297,rbarles88@thetimes.co.uk,cT0\EKBlo,rkann88
298,nolehane89@multiply.com,"kC6""h8*5xaAkYJS8",wzorn89
299,akingsnoad8a@360.cn,aB9=2aNDIglV,dchafer8a
300,helvin8b@skyrock.com,aP2}jh.~*1j,glhomme8b
301,elints8c@deviantart.com,tC8@Sza+JhB/,jnisbet8c
302,sreyson8d@about.com,mA0/w*S7b,aseymark8d
303,igownge8e@wiley.com,"sK5,IMh""wzp"".h${",tcabrer8e
304,adannell8f@whitehouse.gov,yB8`\g=vQmK%T$_?,acatlette8f
305,llindsey8g@bing.com,"wJ0,`vf+jc",eshambrook8g
306,gorpyne8h@wikia.com,dD2!L@nB,kciciura8h
307,lollerton8i@europa.eu,hV1*s/tQ,mguiver8i
308,rtourot8j@goo.ne.jp,eG8`/2yC@*ku`e5Z,cstewart8j
309,kdart8k@stumbleupon.com,dB3{?P(@5,csidaway8k
310,hhazell8l@ezinearticles.com,"fM5_""x}M9iV2",cclemintoni8l
311,mgaize8m@xrea.com,pQ7#%Zp\QY,mladon8m
312,eheers8n@walmart.com,zO8(fGum@4Cb9aK9,mrobbins8n
313,ebrogan8o@engadget.com,kW5'`R4_}CLoOu,ndanihelka8o
314,zbough8p@weibo.com,vN0\FrPB@<\#,dnorquoy8p
315,gmayze8q@jiathis.com,"bY4$qN}En6L,7",pspatig8q
316,jkemmett8r@hatena.ne.jp,"oM3,x`QH<`",mjacobowicz8r
317,pprawle8s@vimeo.com,"mY7""Nk@</cck",nmowday8s
318,ddainter8t@cisco.com,eN5!2ZSk,sandrassy8t
319,loxteby8u@deliciousdays.com,iO8\rd?jL,cknagges8u
320,gmangion8v@twitpic.com,zK5/Bmud_pnoQb4D,uervin8v
321,coakes8w@clickbank.net,yD2!uQ2L){fZ,dchristoffe8w
322,mvoase8x@hugedomains.com,eY2<+haLy\e,bkellitt8x
323,jjeandel8y@slashdot.org,aE2_D=~inhyZ{,askupinski8y
324,tkingdom8z@geocities.com,uE5*1dcy<*C,rchild8z
325,hgarlant90@facebook.com,iX5>~?|T>pPz!,dperillo90
326,llithcow91@about.com,wS6*(1!GY,pgonzalo91
327,dcozens92@scribd.com,aY6<$s9PA,slummus92
328,trhydderch93@apple.com,jX6=n?3S6,faicken93
329,ybleier94@nps.gov,eY5!ahbgCLt_,akilroy94
330,dtheodoris95@soup.io,qA3`nxb<?CT,bharty95
331,bsaleway96@w3.org,rR6\i%ECH,hricker96
332,mflieger97@yellowbook.com,"hY3+d|*I_4.~%""*",lhrishchenko97
333,bfetherstonhaugh98@wp.com,xJ1_|3M8Q>(fu`,xshrieve98
334,acasetta99@wufoo.com,dI1/M)Wv/,rfredson99
335,lchildes9a@blogger.com,"zL0/@&f""5",everny9a
336,ehaughton9b@github.com,sJ5<~iyT/q/A,taizlewood9b
337,lsporgeon9c@ucoz.com,gY1@u~KL,cjewell9c
338,pbicheno9d@state.tx.us,qC7'3Zm#q),hthornber9d
339,iosmund9e@wp.com,lP8*'2c~yIH.KMus,nthresher9e
340,lmcclary9f@chronoengine.com,hB9_LRZ(wV,kcullingford9f
341,hgladbeck9g@usatoday.com,"xL8""AZ~0%j",aportingale9g
342,cthon9h@ucla.edu,zP9.T63tHszDp,rrablin9h
343,fboylan9i@netscape.com,"jL8%S#_`'iKd,g",jcrassweller9i
344,lmacaree9j@cbsnews.com,zW8|F}xim,euphill9j
345,pcleugh9k@ask.com,yK1*F=EkH`.,ihawkswood9k
346,cstenbridge9l@cdc.gov,mM7+q%Wit/i,cduffett9l
347,nsearchfield9m@dot.gov,wQ7%wQdF,jschoolfield9m
348,bbottomer9n@tamu.edu,"zZ9&Hf,+7b=\r",tduly9n
349,lcameron9o@shareasale.com,oL4<oaL)#p3>N?`!,sfarquharson9o
350,erosenfeld9p@oaic.gov.au,"zT2""By)N\(F=",ggeleman9p
351,fmilliere9q@dropbox.com,dI1#'<4tEqq#L1d,lmannock9q
352,mprobyn9r@paginegialle.it,hE4|bt~`rl?,bcawdron9r
353,hcurro9s@prnewswire.com,jY3.VHjd_>+Z!KK(,wglyne9s
354,mferbrache9t@hp.com,eX8}2U9!,thalworth9t
355,ccote9u@washingtonpost.com,"lM6{6%R""k<""3aS",rhavile9u
356,sfeore9v@dailymotion.com,yD2~UiIGY%qj>L,nscogings9v
357,fdelasalle9w@yolasite.com,kU2%O/<HE,wattrie9w
358,dsignori9x@com.com,qE3_F&r#h,ldawnay9x
359,sprendergast9y@accuweather.com,sV4`\0He~U,pcurrao9y
360,cbewly9z@redcross.org,aZ2=*rihx|.bI,dplain9z
361,dtheisa0@ucla.edu,mI1)khEHt<,fburketta0
362,acagea1@scribd.com,sZ0>avjE)lCTP_CB,yschusta1
363,gwellarda2@digg.com,pO3=l%2F$F,pyarhama2
364,lpenhearowa3@stanford.edu,fH5=O/UTMa),cmanthroppea3
365,tmacclanceya4@cbslocal.com,mL7_)d4DAL!9v,gcommingsa4
366,fnovotnea5@wp.com,vS6~|C|$v7)F>$,fblasettia5
367,anoddlea6@answers.com,eF5=h\+?zuhy,lfoulkesa6
368,jwauda7@devhub.com,yT2{n41S,ladnetta7
369,hjacquemea8@nature.com,fR1>G~y'E4Aul#$,ltissimana8
370,fantonia9@mapy.cz,tU2./hQf2+nc5,zcharlea9
371,bpeskinaa@aol.com,pT7/E0p_,mreymersaa
372,aaxbyab@irs.gov,jT7<tgruO,blawrinsonab
373,oalonsoac@ucla.edu,qN2(W%e6,lrudgerdac
374,hjoscelynead@uiuc.edu,lL9/2%ST$,veburnead
375,tkinnerae@answers.com,lH6#.h$diw?$&kvA,dmccawleyae
376,bskellenaf@berkeley.edu,vS3/.{O}}Jxos!U,bpaueraf
377,ecavieag@oakley.com,oF6<D<EI&k*%$+d4,lmateosag
378,rpaddleah@sciencedirect.com,cI7)`u)sbGv}M2$,sgiacubboah
379,nbrugmannai@shinystat.com,nM6&3tq=pFI,aalvaradoai
380,hdenisonaj@nhs.uk,"aI0,o,xXOke",aketchenaj
381,zrodenhurstak@sbwire.com,lT4|lml+/CNqA,valelsandrovichak
382,llebanal@networkadvertising.org,oJ2(Fu4uTI8%,tchalmersal
383,dvosseam@nsw.gov.au,xE3@<cAX{,ieykelboscham
384,gclemensonan@amazon.co.uk,sB5?d3xYGz\ka~U},mbethoan
385,nbernardyao@fastcompany.com,tR4+|Y<j,crickarseyao
386,dduffinap@soup.io,bW7!d5Rr)xt9sdk,jdubarryap
387,enurdinaq@xrea.com,vQ4~q>.z04~?Y#E{,igremainaq
388,mwalczakar@google.co.uk,wZ7/h9$N,mtapleyar
389,desselenas@phoca.cz,xA9&I8RHQ~gxN@,taikettas
390,tpottenat@ask.com,iY4@SUxN3F/\y}f,searlamat
391,elaidlowau@webeden.co.uk,"cS2,UvA""z",ifarbraceau
392,kfowlstonav@1688.com,oZ8(T5mK6gG\?,lkarchowskiav
393,jwiddowesaw@yolasite.com,fE0=Q'yPTH(u~C,ecorneilaw
394,gcrudgingtonax@mediafire.com,"mA9%_!""\",mswalwellax
395,ahedditehay@skype.com,"zJ0""XMDQp1yJ",dbardenay
396,mosseltonaz@nationalgeographic.com,aE1>E8?LoGI,emellishaz
397,oneachellb0@va.gov,oI5$a4DTwVO$=B1`,feastwellb0
398,scockrellb1@latimes.com,uO2+%hA(SGbs,vjornb1
399,pvakhrushinb2@lulu.com,iQ0|/)pn_>y2Ff(,ysherrinb2
400,cblestb3@indiegogo.com,eB9%J(\6Ne?e,bcameranab3
401,mvokesb4@parallels.com,jI2<eb'U,awiddupb4
402,hhopkynsonb5@businessweek.com,vV5%x%<(V<,gcurnokb5
403,pfenelowb6@topsy.com,"yG3?',zNB(`y=",dlemeryb6
404,dtalmadgeb7@cyberchimps.com,jH2<>2ub+}Mr$.,mfilippovb7
405,mantognozziib8@is.gd,fB4`%Y='qB=>M,sgouldthorpeb8
406,gcroizierb9@t-online.de,rJ1=iil6|*{TYUs,cprateb9
407,dcamilioba@forbes.com,"lS0""$w+5|Q|(?",lwestwellba
408,psaywoodbb@telegraph.co.uk,vL2\a6\&+j|m,skeizmanbb
409,ccrampinbc@amazon.de,hA3#ypKki=QEwFX,tleggsbc
410,ffronczakbd@pen.io,wF4(i$G~xp,wlancettbd
411,sohegertiebe@wikispaces.com,nF0(a+tQZ,lhigbinbe
412,psheeringbf@yahoo.com,oS7=?K\>,drannaldbf
413,lcolebg@patch.com,dD2@@=gFD1+R,cbrutonbg
414,tblodgetbh@com.com,wV3@Ma5@8R6<2|,cgarratbh
415,jgilleybi@pen.io,aI0=k&s@,spirdybi
416,imarnanebj@hud.gov,iW5'VFQk/=\,tlangthornebj
417,ainchboardbk@ifeng.com,cC0=5r=T%D,abaverstockbk
418,sjerochbl@elegantthemes.com,pQ8<hf)B`,fslowanbl
419,sdockertybm@cloudflare.com,nU7@9?x\>(,blunnbm
420,jdranbn@slashdot.org,tB4?8XLzC`)j%D@F,qlambertobn
421,dgounotbo@homestead.com,"eL7+TuQh""}LQ",mgiacopettibo
422,pguilfordbp@latimes.com,"cT0>xYkrnm,E",mdudekbp
423,fthomasbq@dedecms.com,"jT1""NXWHo!_",cshillambq
424,rkalfbr@baidu.com,qX9|StI8#G~|Cb<c,ssalkildbr
425,oseemmondsbs@linkedin.com,nG3%&)EDh4?95A,rcoetzeebs
426,mbenedickbt@devhub.com,gA2\}.hb$3,cdeadmanbt
427,cavraambu@ow.ly,mD6=b_3FL%Ps!E,jbrayshawbu
428,fwingattbv@mac.com,aK9(!yn+n_?(N,estanwaybv
429,tcockarillbw@nba.com,mK4+169gg<PrWH#y,fcordellebw
430,kowenbx@comsenz.com,wY2\LZb>6,htaborrebx
431,bbettingtonby@spiegel.de,"xI3*k6vo_""9ca>z",hivashinby
432,dtynanbz@hhs.gov,jL1=S7Qz,hjannybz
433,rwillimottc0@blogger.com,eI3@E*%#bhk{zQ,bgladdingc0
434,rkmicickic1@infoseek.co.jp,pG1|N{g%,rdraysayc1
435,ddewildec2@rambler.ru,eR8|z@cdP,rdictec2
436,sspreckleyc3@ucoz.com,eL8>gd*O99/1j5,eobroganc3
437,bchillingsworthc4@e-recht24.de,oL0|98h$Y8mgLq,hprestedgec4
438,ssaleryc5@themeforest.net,"tO4~t?EP.""U_",rnockc5
439,ddochec6@google.it,iG2'wZq}(yjy,hlinkleterc6
440,rchetwinc7@com.com,qH6~~tWstva,tcuthillc7
441,scrutc8@amazon.co.jp,fH6>ze2gw)B5,mbrattyc8
442,aseigniorc9@state.gov,dH0(kM)*8.,lgannyc9
443,tfullaloveca@vimeo.com,jX8}59=>,ckanterca
444,hpolamontaynecb@economist.com,nX1~aOds%Nk&,hlandsbergcb
445,sgartellcc@google.nl,nK8~iqSD6,ncristeacc
446,hfranceschicd@webeden.co.uk,zE6\#T|Wg0(q2,fdavyscd
447,rfinnce@bloglovin.com,cO2>4rxyvx4,bmacgallce
448,ddurnfordcf@hhs.gov,yO6$n$8yp,wyukhincf
449,migguldencg@dot.gov,dC1@(K+hj&Av<,jpykermancg
450,dsallierch@gov.uk,hJ1#@+m=E1/R,sboastch
451,dgresteci@facebook.com,vD2*<&T<,lscalesci
452,ototmancj@jugem.jp,yA8'K<eZfnQDO_i,pstrikecj
453,qbluschkeck@slate.com,"sR9,H""SemT1#&",nbattershallck
454,pfladecl@examiner.com,dE5`C_{*/J,kdemaidcl
455,csidawaycm@altervista.org,fH7&!cA~\i1,sbatsfordcm
456,tjoddinscn@nps.gov,zR1@pL4gp)6''N',scolafatecn
457,churleyco@prlog.org,"wZ4=8?1roJL0B,",dlemmeco
458,khearseycp@discuz.net,wE5/&/Ha.S%),fthompsoncp
459,wmathewsoncq@scribd.com,iZ8/Hr.j_,kulyattcq
460,lmoldencr@spotify.com,cM2.\u_=m9W=5,hdelavaletteparisotcr
461,dkenwrightcs@wordpress.com,dZ3_{7.l,emcartancs
462,hoxenburyct@pbs.org,yZ0*&w2m_,mpickstonct
463,tfrancombecu@scientificamerican.com,vE9\8~v'_W5Z4c,ebridgettcu
464,cknaggescv@biblegateway.com,fC0.i}%TS,mtrevethancv
465,rshipseycw@chicagotribune.com,iZ7>4yZs,mcunahcw
466,tsindallcx@google.com.br,pI0@4(h$,lhonnancx
467,mshaudfurthcy@list-manage.com,bU6~ZF/?v,ehowsleycy
468,mgurlingcz@eepurl.com,"nL2""Avs7",nfarleycz
469,karmord0@reference.com,sM6(*1|8FlG{,sjohananovd0
470,tspriggsd1@last.fm,rH4{<H#S,esillwoodd1
471,bhanabyd2@youtube.com,qN6!~*E|9K*@Qgyc,omcivord2
472,mgledhilld3@bizjournals.com,fM0.or93T,cfrancescd3
473,lpeterffyd4@digg.com,tE8?wp5}a$tCP,rgareisrd4
474,ryirrelld5@independent.co.uk,"fM7$wglR""j",rshotboltd5
475,kparkind6@1und1.de,hB4<\0w\,vglasardd6
476,cmerceyd7@ft.com,bH7&1gZ6e|`t,nhargrevesd7
477,jgundad8@google.ru,pI4(DNrN,rsutcliffed8
478,hjefferyd9@arstechnica.com,uE2%o.D!{h,lmintrimd9
479,jornilsda@instagram.com,"zE8""4+BQ_U",tvedeshkinda
480,mdaybornedb@washingtonpost.com,"qG9,TW|FCpqtB",nshowlerdb
481,kwridedc@shutterfly.com,gT0'|>x2WwU&z|_e,ftunstalldc
482,gwallegedd@sfgate.com,nB6<2xjd43Ih,hsantondd
483,eguidonide@boston.com,yP5!Ie3U3&{U|TIj,ucromblehomede
484,mbugbirddf@un.org,aK9'W<BZ8R>M0,espellerdf
485,qcrawcourdg@linkedin.com,uL1}&Nyd,btoondg
486,gyakovldh@ted.com,dY4'AN0uH*3.#h6,wdudindh
487,hitzkovitchdi@about.me,"vI8$5"">YTuH!",arontreedi
488,naucourtedj@vk.com,uF4!t!~Mb(Q`cC,hriedigerdj
489,ghearddk@miitbeian.gov.cn,kY7$8f9Jn,garrandk
490,askuledl@fastcompany.com,kW3>uio8Kpy6Hv,amarshfielddl
491,nbusbydm@4shared.com,xC0</NX>2*pz_),khawksworthdm
492,rpaulleydn@patch.com,fT8/2J>c+,dpoyntzdn
493,cvinkdo@about.me,cS7~{z.9}=,fcowperdo
494,awahnerdp@omniture.com,fG2`s0Zu!X>&%6,ocastelyndp
495,ncranchdq@diigo.com,oT8@BA`x~q/,gtriponydq
496,tceaplendr@home.pl,kE9|I*6i2UD74s,mhrynczykdr
497,mlattimerds@instagram.com,bZ2`WlHO_Sm?E7,cscaliads
498,elampensdt@goo.ne.jp,"xM4)FUQ_uV~~"",",hhavershamdt
499,rmarrowdu@bloglovin.com,kB5!t%T7ryZxz,kmichiedu
500,gswannackdv@whitehouse.gov,"oP5{WSBi/""",froddickdv
501,tpollettdw@ovh.net,iM2<'6>_lz!nZ,cglosterdw
502,eyudedx@scribd.com,uC3`h\hf7|6i<%,hmaccaddiedx
503,onuccidy@drupal.org,aI5|%MZ{lae`PXH,lcurreendy
504,mlattadz@hubpages.com,nP3')JX_<9t40i,edurhamdz
505,lgiannie0@geocities.jp,pY7(C.ra6q9t),aparisse0
506,gyakunikove1@soup.io,jR1?j@QI*XgP#4,kleadse1
507,lswansone2@hatena.ne.jp,hJ8=q~\>+a*,abockmane2
508,mboothbye3@cnn.com,tU2)RpF_QkCR,lmelliarde3
509,jcorderoe4@ed.gov,"yG9+#MiF""waGC",bisakowicze4
510,mrazouxe5@earthlink.net,"aK8#,&r\T",aplampine5
511,rduffielde6@etsy.com,gE8#Bm1a5AGnRX,candriolettie6
512,nmanchestere7@miibeian.gov.cn,hV7.2{yV??z<|zk,cespositae7
513,vbrunnene8@reverbnation.com,"kK3`,,*gUXGJ",dkimmitte8
514,cnorthrope9@studiopress.com,"rA9>?L""#",jfarnye9
515,fbambea@sciencedirect.com,mD2<acEStuZrt,btorreseea
516,tfyldeseb@tumblr.com,"sK7,/ooEM(J`G",eabletteb
517,elashmarec@cafepress.com,pX4>&D!c,vkelwaybamberec
518,vhudspethed@jiathis.com,yX2+3x#Sz!IzE\Fg,ppontined
519,lrivenzonee@ameblo.jp,rY4<nTqB3p#`C,gcooplandee
520,vduddridgeef@stumbleupon.com,xP9*D'p'0'B4\f,khuguevilleef
521,wwolseleyeg@cam.ac.uk,oA6)R2ev<rB,abenettinieg
522,aaplineh@senate.gov,gC1'qtyM`,ameaseeh
523,kanfossoei@baidu.com,aO2!8j/>QCDg.vDd,lspareei
524,adimentej@ucoz.com,tR3)70&av@@>,rbordmanej
525,agannicottek@gnu.org,oF0%@oES3>b0,mmelbournek
526,hhalshoel@multiply.com,"nR6""Tp?Q}(2`X6L",chanel
527,ascraggsem@theguardian.com,jQ5(9|3q'&q<!,adewersonem
528,bmievilleen@answers.com,cO9)XY!)AG7,kgieren
529,dnokeeo@posterous.com,"xM7,v00dk6X/WAjo",amakeneo
530,hheddyep@netlog.com,"mK6\AkQ""\/hZi",gscutcheonep
531,apisereq@mapy.cz,pF3@Uz<HhSn$f,bgellibrandeq
532,dmattschaser@intel.com,hV3'c9<N1WoF>6I,dshimminer
533,nmccorleyes@google.co.jp,iR8~L_E7(7J,rlibreroses
534,emarkieet@wordpress.com,"cV8/F5)9""K1",ryakolevet
535,dcuttingseu@earthlink.net,sJ8&P<D`q,lliffeu
536,atilburyev@hao123.com,"mG7%v`<NyN>Y""cd>",bradenev
537,izapaterew@cocolog-nifty.com,wW0}XWX},fmablesonew
538,kgiamelliex@nsw.gov.au,dI4(vkI\B)tWv`,obeelex
539,geborney@google.fr,yR8?>q<G}&d,acottesfordey
540,pmyttonez@buzzfeed.com,rF2~X_.BG.f>q,lmonikerez
541,glongmeadf0@europa.eu,xD4`#H8u,tarkellf0
542,edunlapf1@sciencedaily.com,aD2*QZpEg%,rcorderoyf1
543,jsandersf2@samsung.com,iV5$H*wARSl24,gduckfieldf2
544,rdobneyf3@vinaora.com,eC1<$}KX%&'},njewesf3
545,dviciosof4@soundcloud.com,vJ0!j48IxOx,esandercockf4
546,abiermanf5@springer.com,"gY2$%""$V!R/E9eS",bbrinsfordf5
547,rcarslawf6@census.gov,bN1/&7vN#`9Ajw,cbiasif6
548,jmcbaynef7@networksolutions.com,nJ5(>P7M7,stampenf7
549,dglendiningf8@buzzfeed.com,bK6_ai$D&7,jblackwellf8
550,gdelmontef9@harvard.edu,tM9{4X_9B,gyeolandf9
551,csilverstonefa@360.cn,eY9~ZI>5Z6aWjjSp,hburdikinfa
552,mbeilbyfb@weibo.com,qM6/qsGF,nbruyntjesfb
553,jkerrodfc@bizjournals.com,bB8$t.z~,jnieassfc
554,tchernfd@japanpost.jp,fE9&F'QDjxIee(,ktregunnafd
555,hgillife@dot.gov,"vP0(e""uA1Xiv",lpigneyfe
556,avanyff@europa.eu,nG7?v\pE(@bRDF&,estuchberryff
557,kmackrellfg@shinystat.com,bO4&7zWU&)Ekl&g0,abonaviafg
558,broswarnefh@spiegel.de,nU0$}xn|GJ|%?DQ,lmausfh
559,wtroupfi@furl.net,"sX9""2v+D|.(0(TC|",rsyphasfi
560,mgreenefj@domainmarket.com,sU3|8c1YNI\7,ckennefickfj
561,kcoffinfk@jiathis.com,vS8~}7T@pV,emathelonfk
562,mhyndesfl@sitemeter.com,kS8}R/|3QUHC3+8/,tlenehamfl
563,gleitherfm@devhub.com,"bN9/E!R)47Jw7g""G",mmccheynefm
564,amaccallamfn@cloudflare.com,zT4*{=%m5uMt.(D,rnuthfn
565,lstegglesfo@dion.ne.jp,"nG1&#A20t"">E\@z6",qmcleviefo
566,lwinwoodfp@globo.com,jR1%\*#Xk')m05?,vduignanfp
567,sdurtnellfq@wikipedia.org,zT1~C{fEv@,ggandertonfq
568,fbarksfr@weibo.com,"qU3~""FV""`}K?",czimekfr
569,gmcalisterfs@joomla.org,eH4>GI0'${`n,kblanketfs
570,ibalnavesft@rakuten.co.jp,zB3&&GzlVbl\z?!E,ssharremft
571,cdurnallfu@sciencedirect.com,aU2=B|gu*ksdaD!f,vmacklamfu
572,sbarberafv@last.fm,yN0.Llw{,nerridgefv
573,sauthersfw@aboutads.info,"aO7""MPuwa",alufkinfw
574,sdaintryfx@free.fr,dI1>ocP#yT,cstilesfx
575,mnetleyfy@sakura.ne.jp,lS3=suseI,tridlerfy
576,wclubleyfz@dedecms.com,iM2*eDD6G0a0,aroblettfz
577,btunnadineg0@thetimes.co.uk,jK6&rig5je7.Y),nhalpineg0
578,znurseg1@networkadvertising.org,pI9>_#fcAK0fcs,adrawmerg1
579,vriderg2@ehow.com,rV0(0fMe9UiA61zT,ebenardg2
580,gcrumg3@cdc.gov,"wS6{&eHO|t,TW",dpedreschig3
581,aclohissyg4@phpbb.com,cN0(XV_xm,rpalfrieg4
582,cgummoeg5@hao123.com,dG5_F8@bYSSsf,jboschmanng5
583,rblameyg6@eventbrite.com,nB9'QWU',zhaugerg6
584,bmacuchadairg7@ebay.com,mA4(r~orFqC8,kjohananovg7
585,ngurkog8@nasa.gov,qN3.V/hUNYIV>?/{,syurasovg8
586,twongg9@hc360.com,rF6))r`M,lmapplethorpeg9
587,drussamga@berkeley.edu,"oV6,LJox0tg\c8O",hvallisga
588,fendleygb@time.com,lW1<w`y\`aYl_XN,trizzonegb
589,alambilliongc@nifty.com,"xE2>!PkG""?",shendrikgc
590,dmacdirmidgd@utexas.edu,"lB2%Vh%?VPf,={",mligertwoodgd
591,dmoreyge@sun.com,pG7)z@H7(D,mleachge
592,bashborngf@pagesperso-orange.fr,dO3|w)IFl+@pCS=,cavramovichgf
593,sjikovskygg@linkedin.com,xD2>ODpOBb,apiwellgg
594,tgreschkegh@nba.com,"tX3@c=AN""\",skermittgh
595,mhubangi@netlog.com,"dM6_<81,cXo=Qo2s",qfarhertygi
596,mdemendozagj@pbs.org,pH9@3VWE7gFyBK=,cfandrichgj
597,ghyndleygk@delicious.com,"rW3%%Sx{,t",amounchergk
598,cmansbridgegl@edublogs.org,"rC9&o(MQ/a,$8a",hbygravesgl
599,bwillcottgm@cnet.com,rQ1%hPv9,dsnelmangm
600,kpinchbeckgn@linkedin.com,oQ2_1l#7uSeUqKs@,relksgn
601,hscuttgo@surveymonkey.com,mF4{cs'?>P,hhallattgo
602,cengelbrechtgp@marriott.com,"rI5)$v~f9z0,0U",ddaunaygp
603,dlathwoodgq@bluehost.com,"yC5%$,CS/L",mdefraingq
604,bjaygr@privacy.gov.au,eM4@1uP@jG%7/,arawllgr
605,bgardinergs@xrea.com,"mV2""umDgln75",aclausiusgs
606,vkulveargt@mozilla.com,pF4\rip*u0+,vstothardgt
607,pjerchegu@so-net.ne.jp,iV1#JSIHDYcrp5l,cwhitmoregu
608,acicchillogv@instagram.com,"hP7""zG\QyPP@u",pharcegv
609,jdecarolisgw@illinois.edu,hH0%3k6GTr!bC,pvettoregw
610,alomathgx@wikipedia.org,dD3?(A`JaI`U,dmicheletgx
611,lglencorsegy@economist.com,gC1/x776UbP/T#,crilstongy
612,bmcanalleygz@cafepress.com,"iR6(FqVlj,bcT",rsloanegz
613,ccallanh0@dion.ne.jp,eF2}0fsHhG,lblincoweh0
614,emccambroish1@latimes.com,iB8{g{I/,ieelesh1
615,apengillyh2@ustream.tv,"bO6~BV&)aT0,A7wL",tfolgerh2
616,smclarnonh3@reference.com,vD9'h75+*V,dhaycrofth3
617,cfitzsimmonsh4@tmall.com,wP3((<FYF9,pmactagueh4
618,weveresth5@comcast.net,aQ8`s=lhdaE,jgollingh5
619,cfentonh6@clickbank.net,mF6+U2@A+0G&s5,cpenningtonh6
620,tfearneyh7@ameblo.jp,"rM7}L()""Oa",jnodenh7
621,dohalleghaneh8@home.pl,"wL6'.=%,j6V",fkristofferssonh8
622,acucksonh9@bing.com,vP3'*o?R%J!e'Cj,ohulatth9
623,lclarisha@flavors.me,"gG4""U""S|Z`",bdigglesha
624,kbasterfieldhb@google.es,sA1_T9!3,mpembryhb
625,otremmilhc@wordpress.com,"iO0@Q""t.c0,aGtN,",dmullishc
626,jcantohd@netvibes.com,nW8`7RnR8,eglentworthhd
627,hgobellhe@nbcnews.com,"eX3=u|"",2(D'{m.",gellandhe
628,meborallhf@dion.ne.jp,vQ5$V'rK?L*,mionescohf
629,ltunnickhg@ucoz.com,gS9>QH!ii\?s,fhargitthg
630,vcattemullhh@canalblog.com,hP2}\k{f,idelvehh
631,nmidfordhi@stanford.edu,"sI1#iniH""",jcanariohi
632,sbauduinhj@nyu.edu,"mY2""$%r)qn",cfairheadhj
633,omeasomhk@squidoo.com,"jS5,IrcpVauO/U!",hfoyneshk
634,aglasgowhl@live.com,eU1=dsKl3?,rhewkinhl
635,cschukrafthm@netlog.com,iI2'estc,mreinahm
636,kpolgreenhn@dropbox.com,bC6+&C10v!,cpriditthn
637,fpassinghamho@princeton.edu,"bR5"")LV=R",gstollmeierho
638,mschottlihp@jimdo.com,vQ9`_#8=NS@T+,apenchenhp
639,svereganhq@sciencedaily.com,"nP0,G(rW)7",hlongthornehq
640,wtubblehr@home.pl,kF6>)5lY,frosenfeldhr
641,hpaganhs@tinypic.com,vC4*>8C0S%g9T}|6,meagershs
642,nelliffht@dmoz.org,nW0'r2Kg|7,glampartht
643,kcushellyhu@feedburner.com,"vJ9{DNH,<.m",ybhatiahu
644,ebarnhillhv@wsj.com,mE6)nj.B~C\&,jpricketthv
645,sleadstonhw@tripadvisor.com,uV3'pjZ8=uro,bberringtonhw
646,mknapphx@chronoengine.com,aE3_c(bnnX,mdiaperhx
647,obutnerhy@wikia.com,kL1)r0%D!}78|@,gdybellhy
648,ckrolikhz@mayoclinic.com,zM3=\oENn)_s,ctinkerhz
649,estanbrookei0@wordpress.org,"pR8@3Y,@",dbruinemani0
650,ksmalei1@apache.org,nD5@}HK/p3n+MhNj,agrassini1
651,chourigani2@hud.gov,hC3{$3_{7ZpC=UA,dquinnellyi2
652,djaniceki3@census.gov,kX5?j7Z5`fZtTYI,dpeeteri3
653,epougheri4@hud.gov,fV5?t_s=B}N\w,wsagersoni4
654,vlandelli5@yahoo.com,fM7_J!S&iCDyZ1}*,echecchii5
655,peverleighi6@ucoz.ru,dC4&!wFR4,rnannonii6
656,merrowei7@netlog.com,yN9|+!rl,brembranti7
657,ncheyennei8@nih.gov,fD1*)TW\=Bt,lollisi8
658,madamolii9@moonfruit.com,"lB8%6.,j>m",fdurtnali9
659,aolekia@multiply.com,rN4)y=?p!2,pswadlingia
660,hkolakowskiib@ezinearticles.com,"rW5`7""8=8e<yw=Q",breadeib
661,jdutnellic@alibaba.com,zJ0&X6ja(S,uhacquelic
662,pkohnid@cbsnews.com,yD9\x1D&y,jbuddlesid
663,wmiroyie@wikispaces.com,lZ7|V7IyNA7oR,lmoraisie
664,mducastelif@amazon.co.uk,zT8%0_l%1(R$BG,cferencowiczif
665,kcufflinig@europa.eu,kB9|vG7Cpv,ebottrellig
666,dwisdenih@huffingtonpost.com,oP2`ujBHVeT,pwinksih
667,lgookeii@spotify.com,"kL0""Y)R0y9(3D",acobbledickii
668,ahebbsij@prnewswire.com,vD3>HBp)2K+,fvurleyij
669,sgosenellik@spotify.com,aM3|7>6js#?}(y,acheverellik
670,vciementiniil@ebay.co.uk,"gG4""UI?,d8P.e",kjoubertil
671,hantonazziim@cnn.com,yI8|qMx*4K,ljandaim
672,asafein@wordpress.com,lE2\zocq,fgrombridgein
673,ddowdleio@fastcompany.com,"cU9,TJ}#AIAR)W?",dhowlandio
674,vtrownsonip@miibeian.gov.cn,iN7_&j$A4SXk%@w>,pgrayshonip
675,sfrangelloiq@rakuten.co.jp,"qW6""8?VbI01b",wcourtesiq
676,cgarteryir@ucla.edu,zE1<I'K6IU+,bpimir
677,athorpeis@360.cn,aO3<V8J%@UsX,htrelevanis
678,mbollesit@mashable.com,"eX1=<wv`,_p!",kfallenit
679,uaitchinsoniu@umn.edu,"rD6_)F,""<LhAGZ",estennardiu
680,akhidriv@google.co.uk,hD7'HmI'Wftzb5wT,mwhimperiv
681,ctodarelloiw@reuters.com,"zV3!~$!,rGtb,jw",ibenettiniiw
682,mfiorentinoix@senate.gov,gD3.%dg_,mpinckneyix
683,sspencookiy@discovery.com,qV6|p5Z0K_S<v,hdyetiy
684,egillattiz@nasa.gov,gB4=>L4`jLWrk,dlishmaniz
685,ppaskerfulj0@google.es,wC4/d{mXYKPvI',aebbettj0
686,kdoxeyj1@google.pl,yM3{68<JJkr,ajulyj1
687,dlinnemannj2@nps.gov,uS6>Bc@},lperringtonj2
688,ajecockj3@godaddy.com,"cX6#""V%I.o>0q6vc",jgammelj3
689,sainsburyj4@sitemeter.com,fE4*#fhm8HlJY,nyurkovj4
690,ssargeauntj5@house.gov,"qV1*`lGXtjc,9",vstaitj5
691,myeowellj6@furl.net,iF9{k~NJ$wVwM,mpinsentj6
692,sbubbj7@spiegel.de,pI4.&Gr(oDd#x,gstartinj7
693,abownassj8@mit.edu,"bK4,#8Lac/",shaldenj8
694,atrimj9@state.tx.us,oO6\/)ANk6_0,vriquetj9
695,rpaybodyja@cnn.com,eB6'$rf_,abigginja
696,aspeechlyjb@samsung.com,"dP1,kEkLp6V(q/",dchmarnyjb
697,ssurfleetjc@technorati.com,xU0%=8WU.XMZ}{WS,clambornejc
698,snassijd@icq.com,wM1(a+bUa1>MD~m,dgibbyjd
699,rbalkje@spiegel.de,jK2'.a%7&xAq,oskewesje
700,mschuttjf@zdnet.com,fS4_Xx*Utp1M,lmorfordjf
701,wrunnaclesjg@hubpages.com,aU8#_HhLe.@!7,btatlowejg
702,gconeyjh@a8.net,dQ6)5nLL@+O3#,cleedesjh
703,eseatonji@bizjournals.com,pV3&o=`c3NYH,mhubbleji
704,ahowfordjj@wisc.edu,zG4*{_YgmuoMM,nschwandnerjj
705,sklaisjk@elpais.com,"bN6,>W""3qyWo>H*",ldonnerjk
706,dhunejl@sphinn.com,dH6=w`Y+G,ggibbensjl
707,hbaldassijm@loc.gov,bV8#jFqHAp+Dt{y,kgoldsterjm
708,rgotherjn@over-blog.com,"mU4.~2VJwK''""&J6",efeeleyjn
709,ebluesjo@amazon.de,gV6\o|AiLO,bsearjo
710,scoveneyjp@scientificamerican.com,sI3{!jNChy4J,nhyamsjp
711,wmarplesjq@a8.net,yB3&_r?v,mwhorltonjq
712,jkolisjr@hostgator.com,kY8!N~N/4UjS,jvigarjr
713,abradberryjs@yahoo.co.jp,pQ0\CVCAZlU,ssmeuinjs
714,vbenittijt@yahoo.co.jp,vK0<Vfy~/_,nalvesjt
715,sfilipovju@huffingtonpost.com,xX1(QmPa&_|}m<,hcopestakeju
716,njullianjv@tripadvisor.com,"pI0?YT""Znb/+3\wZ",ascarfjv
717,tgierckejw@ebay.com,zS2`C6Ibo?>(2KOp,ngermannjw
718,fabramchikjx@wikispaces.com,fD1$>+oY$#,mrannellsjx
719,afludderjy@artisteer.com,yF6}|<Tpr,rbillionjy
720,arizziellojz@sbwire.com,"tX1,M'dW`A#",fpoverjz
721,nguidok0@sina.com.cn,eN4+@O5/y#PB>~,rsignek0
722,scalenderk1@patch.com,eZ3@hlAj7d/o,cstainerk1
723,gridholek2@earthlink.net,"rV0!Z!,5'.ux",ffussellk2
724,lcadneyk3@sina.com.cn,"pG9?L8LBA,uD9",hkettlestingk3
725,lbadmank4@toplist.cz,gB0/v=hTd2i,lmellingsk4
726,afortmank5@mac.com,"uG6=gkUd""|Q",htrinkek5
727,borricek6@google.pl,eI4_L.cOs,dfindlowk6
728,tpoletk7@usnews.com,yQ7>DV0q`\t}mQ,zshillidayk7
729,gneamesk8@buzzfeed.com,mY8%v7dkCj,wtuffieldk8
730,faspenlonk9@tripod.com,fA3(@SQ2H.K#0iC,bphilimorek9
731,jfarmarka@flavors.me,jF8@ER@u>nfTjp,mditchka
732,ttomickikb@reuters.com,kY1!Pr|?=>,asanhamkb
733,tcohankc@51.la,gN0/5kEzk0,ppenninokc
734,jtedahlkd@toplist.cz,eX2$T8(THm*&,bjoseferkd
735,bkerinke@berkeley.edu,hK0=2&t(s9t5,fastillke
736,yferiakf@go.com,"tY8,IiV%i",freisenbergkf
737,agladdishkg@walmart.com,aI8_/EWnE_E?,vpollykg
738,mebbagekh@tuttocitta.it,"uP1}12K""4Lbo?",agrishaninkh
739,fhalpenki@t-online.de,wV2(?u~{1}M?,jdrescheki
740,kcolledgekj@topsy.com,bE0`4VF5F4O,wjakoviljevickj
741,averbekekk@delicious.com,mV9!\Q=oU,eharmekk
742,nemigkl@odnoklassniki.ru,"kE9?g}0"">W&YafK",hdelaperrellekl
743,dthresherkm@ed.gov,zI6_!AQTx$}D,xespinoykm
744,jgoodsonkn@photobucket.com,vQ1.m3+#ekpBt,mcleminshawkn
745,avanelliko@cbc.ca,oD9#7N>'0FIm,eparsonageko
746,myesichevkp@canalblog.com,oQ1~s?#A,bmacrannellkp
747,cruffeykq@squidoo.com,"gQ8?,~/%_",jgoodounekq
748,ewinsletkr@friendfeed.com,cK2/rff'(0+~|},mbalmkr
749,mbriggks@woothemes.com,"pQ2,N!~L$Q`2<X@9",eratchfordks
750,pswainstonkt@hud.gov,fA6_.$$~e,mgrimsellkt
751,tdemullettku@mysql.com,mD4*!YBw,sskehanku
752,acuffekv@amazon.co.uk,aA5)(v`i+gqhMBB,lmorandokv
753,ashuttlewoodkw@ucoz.com,bS1~RsZ42,lbenedettinikw
754,rratcliffkx@statcounter.com,yA6~>\1\1v,nplummerkx
755,dedgertonky@liveinternet.ru,"hO9,\.xu4L",dgouninky
756,tcaulwellkz@wired.com,tB7=XlGU.CI,sseneschalkz
757,mpawellekl0@issuu.com,fJ2{2TyRTG,sbenoisl0
758,scourtinl1@acquirethisname.com,"bA5""_ISzs",kvidlerl1
759,pmaciunasl2@bloglovin.com,nA0/v'N|H,efencottl2
760,cschistll3@vinaora.com,gA8$EbLE,llindseyl3
761,kvallenderl4@live.com,"hL0+T5Ga,$",hrutledgel4
762,bnarramorel5@europa.eu,yX3'8K|pB,tsafel5
763,ginklesl6@wikimedia.org,"oL0""Uf#BY",zfulepl6
764,hclarel7@parallels.com,sR1$06_04blq'3C{,afuzzeyl7
765,gcrosswaitel8@wired.com,kQ1%5/J9EMSk|,ieskelll8
766,gconeronl9@desdev.cn,yE7_~Y6L>#/jP,osidnalll9
767,kerrichiellola@oakley.com,"aN0=w,2e*wprO=mi",bkillbeyla
768,apimericklb@smh.com.au,xG2&73b|*?QL|w}0,bwigelsworthlb
769,akitchinlc@chron.com,hM5.BAv|.,chellinlc
770,cberkld@thetimes.co.uk,dO7`H{AJ%7F/,bthaineld
771,opyrahle@goo.gl,nN7#jBd)~w',selhamle
772,ddourinlf@wisc.edu,"nI2""UW%*q+jC",acordielf
773,mmanuelylg@privacy.gov.au,bH5~hf{&|>U,ccastilljolg
774,ktackleylh@dedecms.com,wU5~XWS0.=e6,aramshawlh
775,bmithanli@linkedin.com,mN8'TSry+Q44}mW,wdraudeli
776,btumelj@smh.com.au,rD9|\`Z29%,cgouldielj
777,ddibnahlk@eventbrite.com,vO1+L#62_|A,itinhamlk
778,ahutleyll@ocn.ne.jp,sD7$!*JT,ljagoll
779,etorfinlm@cnbc.com,eG3@L1~aS,garendtlm
780,kmacparlandln@dedecms.com,"tD6""a5<wa",dscottiniln
781,khousecraftlo@wikia.com,mN9}h)}v2FWQK,yeydenlo
782,prosellinilp@list-manage.com,dE3=@S7#w$/>idng,adraynlp
783,vmillelq@arstechnica.com,eU8~?4iFv$KhyOnb,cpardylq
784,mmilhenchlr@pinterest.com,"bB6/|""*wm",gyosifovlr
785,ntheriotls@artisteer.com,"uJ9~Q4E*U,h$@9",udummiganls
786,rmuzzinilt@nsw.gov.au,mB9}kuKRx,jablesonlt
787,lstrathearnlu@g.co,pZ3=fMj.7m$K,tchipplu
788,cpikenlv@technorati.com,mP5?SUIn5dm8O,tyatmanlv
789,cepgravelw@hubpages.com,kK1(v~(zBWC,pdoolelw
790,atitmanlx@dropbox.com,rW8}G|Wm`0,festrellalx
791,cizonly@networkadvertising.org,"kT2_?,A@KakgV",dshoorbrookely
792,ijoriotlz@bloomberg.com,"bR0$#,jP?bnk/M",rimasonlz
793,cpoyntzm0@sogou.com,zK3?8R|LE?lG`,cwarcupm0
794,jthomtsonm1@xrea.com,hH6)`N_ZZ,skopferm1
795,wkemmishm2@china.com.cn,bP4!4S0L$h,vshaym2
796,rpenrightm3@umn.edu,sH7+%7)V6,hscarletm3
797,idownm4@theglobeandmail.com,cG0`*3_I/MfZob(J,osawbridgem4
798,fwestcotm5@opensource.org,"jW2+,{1@K""AAPQW",edevillierm5
799,cdikelinm6@craigslist.org,nR0%$o!8)b,griderm6
800,bblazeym7@flickr.com,eD3&G.*v(G,kcasam7
801,nbernaldom8@posterous.com,oD7'KY/yCZ2,ckippiem8
802,tscriverm9@aol.com,uW4.$7dj/M#bHTfX,mportailm9
803,bsandersonma@latimes.com,nG5+SD@6Ceowvmt,bhannonma
804,sdobelmb@storify.com,"tQ5*ZaOM`f""bO`d",gadnemb
805,brumminmc@hc360.com,pW7%)`V5,mchafermc
806,ddanbrookmd@miibeian.gov.cn,"yD0""Y~=H_KPiJ++{",rfenbymd
807,bparsallme@jimdo.com,"eK3_qnob""",gfolbigeme
808,qdunnanmf@unblog.fr,"lU2}43}.#yoU3d,",mdonisomf
809,emacparlandmg@businessinsider.com,eG5%b}O|QsM5s,wstrutleymg
810,grubinivitzmh@google.ru,dN4#{g.{|v,ptootinmh
811,ckoeppkemi@gnu.org,rJ4$1h3'p,thowtopreservemi
812,hhumanmj@wsj.com,yW5=F/01$!,melflainmj
813,cburfieldmk@who.int,"cQ3,0W{#$#j?",ffoulsermk
814,ogreydonml@patch.com,yF4{2|1JQ(u\UT,ghillittml
815,truggiermm@examiner.com,kI8*)JWU_5V{,karnisonmm
816,fpaddenmn@ezinearticles.com,"nT6#=KJ},\$.",ejozsikamn
817,ahappertmo@ocn.ne.jp,pF3_*3Idiu,kupchurchmo
818,cwestellmp@mlb.com,kY2~b{H?G,ahakeworthmp
819,lrodearmq@alexa.com,fD0?/wp=g|+,ecaveillmq
820,unaccimr@ft.com,eR6~(Pw.,jortomr
821,lhalsems@naver.com,yM0&+iQ$<u6}w7W/,gjantzenms
822,clotwichmt@aol.com,"dG0)()""L'$""""Pj",mgarbettmt
823,kdeanemu@sitemeter.com,"oB7.D&""qO4",rservermu
824,abadbymv@flickr.com,qY7~aO/f,emaggiorimv
825,yrosenwaldmw@tripod.com,sP5&2S9Z,dblaisdalemw
826,mariasmx@acquirethisname.com,hX7&Cy`YkC,bnilandmx
827,abrunickemy@independent.co.uk,"tU7)6,L$ujO",bgaywoodmy
828,cferrieriomz@exblog.jp,wV1|/Ix(ge,apardimz
829,npymarn0@alibaba.com,jZ8=YBrl,jtethcoten0
830,uaichesonn1@sfgate.com,eO9\/vo{g!,ctownen1
831,mvarnesn2@springer.com,uI7&e\Sx\oj`W~,nartharsn2
832,pyorathn3@prweb.com,vO2{wx@TMJ/K,rthown3
833,mcristofaron4@intel.com,eW1`nrPO49*8eN,rlowatern4
834,mnaseyn5@ebay.com,"pM7*<""X%3@`@#jx*",mraithbien5
835,pjillingsn6@apache.org,eA5\a$/MevF)m{Rb,wiannettin6
836,jlateyn7@uol.com.br,xG7#bo+v&\D,olangelaann7
837,bcattachn8@1688.com,xC6/81cQH'm0,sdelacroixn8
838,hnattrissn9@walmart.com,mE3`k.`5d%,tbucklesn9
839,mbaptistana@smugmug.com,cK2`~A`u,tbenitna
840,mjasiknb@microsoft.com,"oF7"")!`s0",qcofaxnb
841,dfarrallnc@wikimedia.org,"uD8*86JkW,J",bbudniknc
842,gpittendreighnd@sun.com,cU5|IV.t0Ja,eweissnd
843,aferrerasne@europa.eu,mH0`jA)~~d,mforstallne
844,qhazelhurstnf@feedburner.com,eX4%Vm\Q8%7F&f.,paxworthynf
845,bchallenerng@independent.co.uk,"aI6(&i3yw""D",bcolquitng
846,fscutchinnh@over-blog.com,hU6(GOB?g)f*73Z9,ahamblingnh
847,wtreasureni@netscape.com,nS3!#*R`,hlydiardni
848,lstaddennj@posterous.com,"wB8""%g""v%,R#7",awilkinnj
849,rpitbladonk@bbb.org,wF9=$UJG,gnunesnabarronk
850,rkornnl@whitehouse.gov,aK6\odS9c/nR%~>,ecardellonl
851,phephernm@eepurl.com,hZ9>w0z>FL,oevemynm
852,bmaestrininn@furl.net,jG0&FY2faN/3nB,rdovingtonnn
853,swillshearno@yolasite.com,vL8+7(<Tr,kwharbyno
854,hcuttellnp@whitehouse.gov,"hD1""~nN!W/N""",lmccormicknp
855,smeniernq@earthlink.net,xZ2/c!(m/Q8J?d,ldowzellnq
856,ewolfitnr@timesonline.co.uk,"sZ4""8o\%g",ehumerstonenr
857,ecristoforons@dyndns.org,pC2')$<5,ifalconerns
858,kkainesnt@newyorker.com,sI6?!DFa)&P,tsymcoxent
859,mweadicknu@zimbio.com,"gH7)m,I*S",tranaldnu
860,fimorenv@about.me,oB9%X71M(p!z(W|,gauklandnv
861,ahorsburghnw@stumbleupon.com,qA2\xE24=bm4,srossbrookenw
862,aambrusnx@studiopress.com,qJ7/0%RI67xmcR7,lpinkienx
863,aturnorny@state.gov,oW0=aRz'04,amatissoffny
864,hmugglestonnz@elpais.com,eK0#.4m8<3?FxMrL,ckibbeenz
865,igianellio0@amazon.com,lU6*?|4s_?\vhm>i,gseatero0
866,clemono1@dell.com,xD9'/Ae7LTIE,fkeepenceo1
867,rolearyo2@ted.com,dS0|G7)M<%@,wmacknockero2
868,sdoodsono3@si.edu,nR1%+XJc>2i*n(g,twinleyo3
869,icariko4@theatlantic.com,aY8?FY0gYjwyl=F&,dwansburyo4
870,dwixo5@nasa.gov,bO3+fDA_34<',rgagieo5
871,dshevlino6@marriott.com,pG3(wlCA{NSi&*YV,rkintono6
872,hcousino7@cdc.gov,kQ9(o|3YX+\C,pchesselo7
873,bkainzo8@census.gov,"bZ2""Ic/S`*SnLL",sdareyo8
874,jvialso9@bbb.org,vW8!o3@67nLdESZT,bshankleo9
875,osmallpeaceoa@state.tx.us,nB1!_S!@d,rwasselinoa
876,jchidlerob@digg.com,zJ8?U>Lb!,tlashbrookob
877,eswindlehurstoc@blinklist.com,gB2{mwG$2(,mpetroffoc
878,lgrasnerod@fema.gov,vC5=%@670WJ)s,ijarryod
879,jdurantoe@theglobeandmail.com,"oK8|`)@,{N#(U#",pgrestyoe
880,dlindwasserof@ucla.edu,xC2}ugFbHLG+,lajamof
881,kmanssuerog@cnn.com,qO4!zT>{v$Y,tbannog
882,bcantrelloh@buzzfeed.com,fK5~jZpa,egeweroh
883,cscotchbourougeoi@yolasite.com,xV8%tPxjCX,mborwickoi
884,lpulhosteroj@japanpost.jp,lX9=s{kjM+41U,nfrancoj
885,gpinillaok@webmd.com,fC2!j!asi0p,tbilyardok
886,churleol@spotify.com,vP5/Td.X)1Lv5Q,rtuttonol
887,sgokesom@admin.ch,fV3=_i!KvAm}F+`,mbrixhamom
888,kbernhardssonon@ebay.co.uk,xV6'GoMX0v>V&2?,hkeilingon
889,tcarloneoo@desdev.cn,mM7'p!JOlAD!d,enanioo
890,rrolstoneop@vinaora.com,cE6=gM6'D/,rpoelop
891,santoniewskioq@feedburner.com,jJ3+?wi6,wscullinoq
892,vkristufekor@theguardian.com,pI7)OIrIh,ccunradior
893,ebristoweos@sakura.ne.jp,oX8/9EorO*2Fx&<,bcutmoreos
894,mshortlandot@shutterfly.com,mR2`&~DXe&jB,jbannot
895,binstonou@360.cn,eH7!3QzJ/`w11,aemlenou
896,kmedcalfov@sun.com,oR7>>%ePt.v&,jstopforthov
897,hjesteow@amazon.com,uX3%)03*23,wnicklinow
898,aanderlox@desdev.cn,iV9|oja4d,hvasicox
899,awallmanoy@indiegogo.com,qT6/p$krV`ts,jlealleoy
900,nsherviloz@de.vu,gP5?1oMMddD,acaddieoz
901,alefriecp0@globo.com,rS4&FV5+6M,acamisp0
902,ylucyp1@nature.com,pF4!xaCt,apearsonp1
903,lduferp2@meetup.com,qO3(=kJ|=_c,codamsp2
904,gscollip3@ca.gov,oT1)ION3Sv#g9{U,malejandrip3
905,twaycottp4@ovh.net,iL6{<Q%Y)pi&a*,jcollinettep4
906,pquerreep5@histats.com,"iS0)6bSMBR,haO",lgallardop5
907,swestropep6@harvard.edu,hK3(<}{?%ZO4W},dbowringp6
908,kmacmasterp7@cisco.com,qO1?Nl/1C),frewanp7
909,gkarpetsp8@psu.edu,xE2.w4KR~ly8zx$,mbarajasp8
910,apenningp9@businessweek.com,xJ9_.|wA%%#x)u,wpywellp9
911,mfilonpa@huffingtonpost.com,rO4&L@xk<~''=qk,tjaquisspa
912,ilydonpb@fastcompany.com,"jK3,\K=T",tgeroldipb
913,gcullefordpc@sogou.com,"aP5*@Y}8S,q",ghallingpc
914,llarcherpd@redcross.org,rZ5|Bh~Z<w*ye,mlowtonpd
915,khamlype@ibm.com,vZ2)iU~D=|Km,vcalveype
916,cwathellpf@plala.or.jp,oG4.*hG('Ox_,dbunklepf
917,blesperpg@google.es,xU7<O$SVUy2Q<,mcharrettepg
918,dnovakph@slashdot.org,jW4{oG0V`?,rwildberph
919,bhubanpi@goodreads.com,yC4#DDcWJ,dtayntonpi
920,hproudlerpj@unblog.fr,rU4#o8o3,ahaugenpj
921,mlintillpk@technorati.com,bB0!*cjr6pM<D,rkernarpk
922,dwestcotpl@simplemachines.org,oZ4!))UN4exg,lblighpl
923,gmckilroepm@is.gd,"oK4@dv}NK,BYDC",galampm
924,ydurakpn@amazon.de,"uA0),b29C",wchevolleaupn
925,bsallingerpo@weibo.com,xX5/%8bzNtqC,maizikpo
926,cinwoodpp@reddit.com,gA6|i9pk),oboguepp
927,grilingspq@seattletimes.com,gR0%kEWJFBFR,mhallettpq
928,pgowthroppr@omniture.com,bV8~l9IfQo7r0jR1,avanweedenburgpr
929,dmoorfieldps@theatlantic.com,aR5{5XZ>N9ED!wp{,snewburnps
930,emcghiept@seattletimes.com,"bE6~SL@p,_=A%",rdegregariopt
931,radneypu@tumblr.com,hU9&o3gall}Y(L,mledfordpu
932,jbuddleighpv@slashdot.org,wS4_j)qK,lclohissypv
933,amacraepw@vk.com,lO1_FTe5XI)6y,umaruszewskipw
934,rmathevetpx@twitpic.com,hZ1{+&<n=N8B3z$,ealkinpx
935,mpasquepy@squarespace.com,eD5=+9Bk9.cdq,vbutterworthpy
936,oziebartpz@webmd.com,nV3~SxV1g.`LG@pX,klintillpz
937,bingolottiq0@wunderground.com,"qU7%g<OHN%_T#x,N",wdorgonq0
938,rtobinq1@spiegel.de,"hW1\iL,!vHCN'AT",pquineyq1
939,kbeateyq2@army.mil,"jB5""mtEu}p&dpL",agarlicq2
940,mkoppensq3@4shared.com,"iH1,tRbu<s",rreinerq3
941,smacpadenq4@360.cn,jZ5&?.i3U0,mfibbingsq4
942,clibermoreq5@elegantthemes.com,zO8*A!fdk(pBI,mbirtq5
943,bkampshellq6@bloomberg.com,dX1~MKG')1+1z,cmcspirronq6
944,rdivallq7@biglobe.ne.jp,uQ9#0sB?,rstroobandq7
945,tlaxtonneq8@usatoday.com,yX6\RSSe,zhousecroftq8
946,nswainq9@phoca.cz,fP5_h@$49=rL,alowranceq9
947,jboottonqa@bandcamp.com,"aU2{f1>Y""?A}CAlt",amacmichaelqa
948,tbleymanqb@qq.com,yE3*G+\#H3yDu,dwindmillqb
949,mmcgoldrickqc@engadget.com,"rM6&kWK<=M}@""",rnelmqc
950,kbeddinghamqd@hhs.gov,vR1=I'%y'Y,asteaneqd
951,xomurtaghqe@sphinn.com,"zM4(e_Z,$'Q2Zc",ztabererqe
952,mmaidesqf@japanpost.jp,yM1<Zb<x<,scheseqf
953,tmcadamqg@walmart.com,lA3<u9CFK?,dsterrickerqg
954,fscardifeildqh@ning.com,tV7%$yn9H(0w7,ftschirascheqh
955,bkileyqi@seattletimes.com,"eK2{xT~S""Yi""l",forrobinqi
956,letheridgeqj@ehow.com,wN3)m8CM,dguillermanqj
957,tmynottqk@issuu.com,eS7(lM3w0,afetterplaceqk
958,rcrichql@washington.edu,jN5>uFSL\X5XCd,jdodgeql
959,dwarhamqm@icio.us,kY9\Z<ciVH&d%CY,nscedallqm
960,mwilcherqn@studiopress.com,uC8}=D(4&(,amishqn
961,gcoppledikeqo@vistaprint.com,aU7$Dp#>C,kcooqo
962,shuardqp@google.nl,bU6#f$IyM\W4,hinsollqp
963,gfritterqq@irs.gov,sI5/SWkZ?AF1)Q,kpowerqq
964,lbeggioqr@tmall.com,lB3.2Bxd9R,sryeqr
965,fohegertieqs@trellian.com,fQ6@w`CI!otf>x,cbowndeqs
966,ahardinqt@free.fr,mG4/GkA2P,mcostyqt
967,fhamsleyqu@ycombinator.com,cZ3%xO/DcS,pculverhousequ
968,eheineckeqv@icq.com,"kT6<6Gjb""2PCP",ahammillqv
969,gbucklandqw@youtube.com,zI2?Mz>t,aloyndonqw
970,pchittimqx@nps.gov,jI3.o3z3sR2f/e,mdhillonqx
971,pdunbabinqy@vk.com,gW9&X+a9CU},clockyerqy
972,lfilpoqz@oracle.com,"xC9#`DAz,J",pgerholzqz
973,bseefusr0@amazon.co.jp,vR1*e8BS0!SNZ8,jreadmanr0
974,ajurkiewiczr1@nsw.gov.au,tM0@u`)\OTbE.QGV,deasemanr1
975,apickr2@photobucket.com,rU1)4?t>jy+X,byarnr2
976,ntabaryr3@cdbaby.com,jH6)*_0C2RG9p?t,cstanneringr3
977,hlavellr4@pcworld.com,"hG9|45>FO,nd",mglassupr4
978,bbenleyr5@booking.com,aK2%ww\c<i#o=NWx,naymericr5
979,shutsonr6@jiathis.com,aW5*d@Jzb,upinckr6
980,tbraunterr7@ucoz.ru,yE7/!+ozd6h6M7t,wcamiesr7
981,kstickellsr8@liveinternet.ru,pQ4!L\U~<@B'~~K,gengelbrechtr8
982,ghempshallr9@boston.com,hL5_`<KhGSh,pdoldonr9
983,nlearera@goo.ne.jp,eT1$@RZK%lg$,gperrottetra
984,zbarnewallrb@loc.gov,lF2?AjB5,spantherrb
985,bevansrc@php.net,sT9<irp`j,bmingeyrc
986,rhartlerd@imdb.com,xB1<B3!u,dcowprd
987,cglayzerre@eepurl.com,yK4\_RDep$>0,bguinanre
988,hfarriesrf@clickbank.net,jD6'SS}Fbul)hnsj,nquennellrf
989,psheeringrg@berkeley.edu,"lE1?Wy""BQOG*",ayurocjkinrg
990,ajeandelrh@cargocollective.com,eW1(7gUC)s!@)9>,hmacneilagerh
991,rmaciociari@cargocollective.com,"wJ0@,Pb,cQ8lcL",rcrowdenri
992,fgiacomassorj@marketwatch.com,"uQ9_lMg8Go%gi/,",eolenichevrj
993,estrathernrk@instagram.com,"kO7!,k!Vr=EgS",bvlasenkork
994,bhaldinrl@wiley.com,uV1}l5=*6)L)&RmN,lbeanrl
995,clindermannrm@reuters.com,tL4|U)ri,jnorsisterrm
996,cmazdonrn@google.com,cZ7_o<\?.U,abickerrn
997,kuzelliro@feedburner.com,"tD7""xU@)!I",rlawdenro
998,cmacgaugheyrp@toplist.cz,qG8``n>''WONaJ,ghamflettrp
999,schastanetrq@washingtonpost.com,"jT0*n$yQ9,""C",dtorresrq
1000,kneadsrr@eventbrite.com,"aC0@H""}p(Iy",fsevenrr
